-- MySQL dump 10.13  Distrib 5.7.28, for Linux (x86_64)
--
-- Host: localhost    Database: hbk
-- ------------------------------------------------------
-- Server version	5.7.28-0ubuntu0.18.04.4

/*!40101 SET @OLD_CHARACTER_SET_CLIENT=@@CHARACTER_SET_CLIENT */;
/*!40101 SET @OLD_CHARACTER_SET_RESULTS=@@CHARACTER_SET_RESULTS */;
/*!40101 SET @OLD_COLLATION_CONNECTION=@@COLLATION_CONNECTION */;
/*!40101 SET NAMES utf8 */;
/*!40103 SET @OLD_TIME_ZONE=@@TIME_ZONE */;
/*!40103 SET TIME_ZONE='+00:00' */;
/*!40014 SET @OLD_UNIQUE_CHECKS=@@UNIQUE_CHECKS, UNIQUE_CHECKS=0 */;
/*!40014 SET @OLD_FOREIGN_KEY_CHECKS=@@FOREIGN_KEY_CHECKS, FOREIGN_KEY_CHECKS=0 */;
/*!40101 SET @OLD_SQL_MODE=@@SQL_MODE, SQL_MODE='NO_AUTO_VALUE_ON_ZERO' */;
/*!40111 SET @OLD_SQL_NOTES=@@SQL_NOTES, SQL_NOTES=0 */;



--- create database 
create database hbk  default character set utf8 collate utf8_general_ci;
--
-- Table structure for table `job_execution_log`
--

DROP TABLE IF EXISTS `job_execution_log`;
/*!40101 SET @saved_cs_client     = @@character_set_client */;
/*!40101 SET character_set_client = utf8 */;
CREATE TABLE `job_execution_log` (
  `id` varchar(40) NOT NULL,
  `job_name` varchar(100) NOT NULL,
  `task_id` varchar(255) NOT NULL,
  `hostname` varchar(255) NOT NULL,
  `ip` varchar(50) NOT NULL,
  `sharding_item` int(11) NOT NULL,
  `execution_source` varchar(20) NOT NULL,
  `failure_cause` varchar(4000) DEFAULT NULL,
  `is_success` int(11) NOT NULL,
  `start_time` timestamp NULL DEFAULT NULL,
  `complete_time` timestamp NULL DEFAULT NULL,
  PRIMARY KEY (`id`)
) ENGINE=InnoDB DEFAULT CHARSET=utf8mb4;
/*!40101 SET character_set_client = @saved_cs_client */;

--
-- Dumping data for table `job_execution_log`
--

LOCK TABLES `job_execution_log` WRITE;
/*!40000 ALTER TABLE `job_execution_log` DISABLE KEYS */;
/*!40000 ALTER TABLE `job_execution_log` ENABLE KEYS */;
UNLOCK TABLES;

--
-- Table structure for table `job_status_trace_log`
--

DROP TABLE IF EXISTS `job_status_trace_log`;
/*!40101 SET @saved_cs_client     = @@character_set_client */;
/*!40101 SET character_set_client = utf8 */;
CREATE TABLE `job_status_trace_log` (
  `id` varchar(40) NOT NULL,
  `job_name` varchar(100) NOT NULL,
  `original_task_id` varchar(255) NOT NULL,
  `task_id` varchar(255) NOT NULL,
  `slave_id` varchar(50) NOT NULL,
  `source` varchar(50) NOT NULL,
  `execution_type` varchar(20) NOT NULL,
  `sharding_item` varchar(100) NOT NULL,
  `state` varchar(20) NOT NULL,
  `message` varchar(4000) DEFAULT NULL,
  `creation_time` timestamp NULL DEFAULT NULL,
  PRIMARY KEY (`id`),
  KEY `TASK_ID_STATE_INDEX` (`task_id`(191),`state`) USING BTREE
) ENGINE=InnoDB DEFAULT CHARSET=utf8mb4;
/*!40101 SET character_set_client = @saved_cs_client */;

--
-- Dumping data for table `job_status_trace_log`
--

LOCK TABLES `job_status_trace_log` WRITE;
/*!40000 ALTER TABLE `job_status_trace_log` DISABLE KEYS */;
/*!40000 ALTER TABLE `job_status_trace_log` ENABLE KEYS */;
UNLOCK TABLES;

--
-- Table structure for table `sys_dept`
--

DROP TABLE IF EXISTS `sys_dept`;
/*!40101 SET @saved_cs_client     = @@character_set_client */;
/*!40101 SET character_set_client = utf8 */;
CREATE TABLE `sys_dept` (
  `dept_id` int(20) NOT NULL AUTO_INCREMENT COMMENT '部门id',
  `name` varchar(50) DEFAULT NULL COMMENT '部门名称',
  `order_num` int(11) DEFAULT NULL COMMENT '排序',
  `create_time` timestamp NULL DEFAULT CURRENT_TIMESTAMP COMMENT '创建时间',
  `update_time` timestamp NULL DEFAULT NULL ON UPDATE CURRENT_TIMESTAMP COMMENT '修改时间',
  `del_flag` char(1) DEFAULT '0' COMMENT '是否删除  1：已删除  0：正常',
  `area_id` varchar(64) DEFAULT NULL COMMENT '地区ID',
  `parent_id` int(11) DEFAULT NULL COMMENT '父节点id',
  `type` varchar(10) DEFAULT NULL COMMENT '节点类型:0公司节点，1部门节点',
  `create_by` varchar(32) DEFAULT NULL COMMENT '创建者',
  `update_by` varchar(32) DEFAULT NULL COMMENT '修改者',
  PRIMARY KEY (`dept_id`)
) ENGINE=InnoDB AUTO_INCREMENT=27 DEFAULT CHARSET=utf8 COMMENT='部门管理';
/*!40101 SET character_set_client = @saved_cs_client */;

--
-- Dumping data for table `sys_dept`
--

LOCK TABLES `sys_dept` WRITE;
/*!40000 ALTER TABLE `sys_dept` DISABLE KEYS */;
INSERT INTO `sys_dept` VALUES (1,'山东农信',NULL,'2018-01-22 11:00:23','2018-01-23 04:40:46','0',NULL,0,NULL,NULL,NULL),(2,'沙县国际',NULL,'2018-01-22 11:00:38','2018-01-23 04:42:04','0',NULL,0,NULL,NULL,NULL),(3,'潍坊农信',NULL,'2018-01-22 11:00:44','2018-12-13 14:15:20','0','8220000',1,NULL,NULL,NULL),(4,'高新农信',NULL,'2018-01-22 11:00:52','2018-01-23 04:41:11','0',NULL,3,NULL,NULL,NULL),(5,'院校农信',NULL,'2018-01-22 11:00:57','2018-01-23 04:41:22','0',NULL,4,NULL,NULL,NULL),(6,'潍坊学院农信',115,'2018-01-22 11:01:06','2018-03-07 08:22:04','0',NULL,5,NULL,NULL,NULL),(7,'山东沙县',NULL,'2018-01-22 11:01:57','2018-01-23 04:42:15','0',NULL,2,NULL,NULL,NULL),(8,'潍坊沙县',NULL,'2018-01-22 11:02:03','2018-01-23 04:42:23','0',NULL,7,NULL,NULL,NULL),(9,'高新沙县',NULL,'2018-01-22 11:02:14','2018-03-07 08:28:14','0',NULL,8,NULL,NULL,NULL),(10,'延吉',1,'2018-09-21 04:45:21',NULL,'0',NULL,0,NULL,NULL,NULL),(12,'开放',2,'2018-09-21 04:45:54',NULL,'0',NULL,10,NULL,NULL,NULL),(13,'专营',2,'2018-09-21 04:46:25',NULL,'0',NULL,10,NULL,NULL,NULL),(14,'吉林',1,'2018-09-21 04:48:55',NULL,'0',NULL,0,NULL,NULL,NULL),(15,'开放',2,'2018-09-21 04:49:04',NULL,'0',NULL,14,NULL,NULL,NULL),(16,'专营',2,'2018-09-21 04:49:19',NULL,'0',NULL,14,NULL,NULL,NULL),(18,'总公司',1,'2018-11-06 11:54:29','2018-12-13 11:39:18','0','8',0,'0',NULL,NULL),(19,'客户经理',1,'2018-11-06 11:54:51','2018-12-13 11:46:46','0','8',18,'1',NULL,NULL),(20,'tttttt',1,'2018-11-27 01:59:23',NULL,'0',NULL,2,NULL,NULL,NULL),(21,'公司节点-省',0,'2018-12-11 08:39:35','2018-12-11 08:39:35','0','8220000',0,'0',NULL,NULL),(22,NULL,NULL,'2018-12-11 08:42:23','2018-12-11 08:42:40','1',NULL,0,NULL,NULL,NULL),(23,'部门节点-市',0,'2018-12-11 08:56:27','2018-12-11 11:35:34','0','8440200',21,'1',NULL,NULL),(24,'长春市财务部',0,'2018-12-13 02:09:03','2018-12-13 02:09:03','0','8220100',23,'1',NULL,NULL),(25,'商 户',0,'2018-12-13 11:45:26','2018-12-13 11:46:27','0','8',18,'1',NULL,NULL),(26,'客户',0,'2018-12-13 11:45:54','2018-12-13 11:46:35','0','8',18,'1',NULL,NULL);
/*!40000 ALTER TABLE `sys_dept` ENABLE KEYS */;
UNLOCK TABLES;

--
-- Table structure for table `sys_dept_relation`
--

DROP TABLE IF EXISTS `sys_dept_relation`;
/*!40101 SET @saved_cs_client     = @@character_set_client */;
/*!40101 SET character_set_client = utf8 */;
CREATE TABLE `sys_dept_relation` (
  `ancestor` int(11) NOT NULL COMMENT '祖先节点',
  `descendant` int(11) NOT NULL COMMENT '后代节点',
  PRIMARY KEY (`ancestor`,`descendant`),
  KEY `idx1` (`ancestor`) USING BTREE,
  KEY `idx2` (`descendant`) USING BTREE
) ENGINE=InnoDB DEFAULT CHARSET=latin1;
/*!40101 SET character_set_client = @saved_cs_client */;

--
-- Dumping data for table `sys_dept_relation`
--

LOCK TABLES `sys_dept_relation` WRITE;
/*!40000 ALTER TABLE `sys_dept_relation` DISABLE KEYS */;
INSERT INTO `sys_dept_relation` VALUES (1,1),(1,3),(1,4),(1,5),(1,6),(2,2),(2,7),(2,8),(2,9),(2,20),(3,3),(3,4),(3,5),(3,6),(4,4),(4,5),(4,6),(5,5),(5,6),(6,6),(7,7),(7,8),(7,9),(8,8),(8,9),(9,9),(10,10),(10,12),(10,13),(12,12),(13,13),(14,14),(14,15),(14,16),(15,15),(16,16),(18,18),(18,19),(19,19),(20,20);
/*!40000 ALTER TABLE `sys_dept_relation` ENABLE KEYS */;
UNLOCK TABLES;

--
-- Table structure for table `sys_dict`
--

DROP TABLE IF EXISTS `sys_dict`;
/*!40101 SET @saved_cs_client     = @@character_set_client */;
/*!40101 SET character_set_client = utf8 */;
CREATE TABLE `sys_dict` (
  `id` int(64) NOT NULL AUTO_INCREMENT COMMENT '编号',
  `value` varchar(100) NOT NULL COMMENT '数据值',
  `label` varchar(100) NOT NULL COMMENT '标签名',
  `type` varchar(100) NOT NULL COMMENT '类型',
  `description` varchar(100) NOT NULL COMMENT '描述',
  `sort` decimal(10,0) NOT NULL COMMENT '排序（升序）',
  `create_time` timestamp NOT NULL DEFAULT CURRENT_TIMESTAMP ON UPDATE CURRENT_TIMESTAMP COMMENT '创建时间',
  `update_time` timestamp NOT NULL DEFAULT CURRENT_TIMESTAMP ON UPDATE CURRENT_TIMESTAMP COMMENT '更新时间',
  `remarks` varchar(255) DEFAULT NULL COMMENT '备注信息',
  `del_flag` char(1) NOT NULL DEFAULT '0' COMMENT '删除标记',
  PRIMARY KEY (`id`),
  KEY `sys_dict_value` (`value`) USING BTREE,
  KEY `sys_dict_label` (`label`) USING BTREE,
  KEY `sys_dict_del_flag` (`del_flag`) USING BTREE
) ENGINE=InnoDB AUTO_INCREMENT=6 DEFAULT CHARSET=utf8 COMMENT='字典表';
/*!40101 SET character_set_client = @saved_cs_client */;

--
-- Dumping data for table `sys_dict`
--

LOCK TABLES `sys_dict` WRITE;
/*!40000 ALTER TABLE `sys_dict` DISABLE KEYS */;
INSERT INTO `sys_dict` VALUES (2,'9','异常','log_type','日志异常',1,'2017-12-28 05:06:39','2018-01-06 02:54:41',NULL,'0'),(3,'0','正常','log_type','正常',1,'2018-05-11 15:52:57','2018-05-11 15:52:57','123','0'),(4,'1','1','1','1',1,'2018-08-06 09:29:14','2018-08-06 09:29:14','1','0'),(5,'1','test1','test','测试',1,'2019-06-21 06:25:56','2019-06-21 06:25:56','aa','0');
/*!40000 ALTER TABLE `sys_dict` ENABLE KEYS */;
UNLOCK TABLES;

--
-- Table structure for table `sys_log_0`
--

DROP TABLE IF EXISTS `sys_log_0`;
/*!40101 SET @saved_cs_client     = @@character_set_client */;
/*!40101 SET character_set_client = utf8 */;
CREATE TABLE `sys_log_0` (
  `id` bigint(64) NOT NULL COMMENT '编号',
  `type` char(1) DEFAULT '1' COMMENT '日志类型',
  `title` varchar(255) DEFAULT '' COMMENT '日志标题',
  `service_id` varchar(32) DEFAULT NULL COMMENT '服务ID',
  `create_by` varchar(64) DEFAULT NULL COMMENT '创建者',
  `create_time` datetime DEFAULT CURRENT_TIMESTAMP COMMENT '创建时间',
  `update_time` datetime DEFAULT NULL COMMENT '更新时间',
  `remote_addr` varchar(255) DEFAULT NULL COMMENT '操作IP地址',
  `user_agent` varchar(1000) DEFAULT NULL COMMENT '用户代理',
  `request_uri` varchar(255) DEFAULT NULL COMMENT '请求URI',
  `method` varchar(10) DEFAULT NULL COMMENT '操作方式',
  `params` text COMMENT '操作提交的数据',
  `time` mediumtext COMMENT '执行时间',
  `del_flag` char(1) DEFAULT '0' COMMENT '删除标记',
  `exception` text COMMENT '异常信息',
  PRIMARY KEY (`id`),
  KEY `sys_log_create_by` (`create_by`) USING BTREE,
  KEY `sys_log_request_uri` (`request_uri`) USING BTREE,
  KEY `sys_log_type` (`type`) USING BTREE,
  KEY `sys_log_create_date` (`create_time`) USING BTREE
) ENGINE=InnoDB DEFAULT CHARSET=utf8 COMMENT='日志表';
/*!40101 SET character_set_client = @saved_cs_client */;

--
-- Dumping data for table `sys_log_0`
--

LOCK TABLES `sys_log_0` WRITE;
/*!40000 ALTER TABLE `sys_log_0` DISABLE KEYS */;
/*!40000 ALTER TABLE `sys_log_0` ENABLE KEYS */;
UNLOCK TABLES;

--
-- Table structure for table `sys_log_1`
--

DROP TABLE IF EXISTS `sys_log_1`;
/*!40101 SET @saved_cs_client     = @@character_set_client */;
/*!40101 SET character_set_client = utf8 */;
CREATE TABLE `sys_log_1` (
  `id` bigint(64) NOT NULL COMMENT '编号',
  `type` char(1) DEFAULT '1' COMMENT '日志类型',
  `title` varchar(255) DEFAULT '' COMMENT '日志标题',
  `service_id` varchar(32) DEFAULT NULL COMMENT '服务ID',
  `create_by` varchar(64) DEFAULT NULL COMMENT '创建者',
  `create_time` datetime DEFAULT CURRENT_TIMESTAMP COMMENT '创建时间',
  `update_time` datetime DEFAULT NULL COMMENT '更新时间',
  `remote_addr` varchar(255) DEFAULT NULL COMMENT '操作IP地址',
  `user_agent` varchar(1000) DEFAULT NULL COMMENT '用户代理',
  `request_uri` varchar(255) DEFAULT NULL COMMENT '请求URI',
  `method` varchar(10) DEFAULT NULL COMMENT '操作方式',
  `params` text COMMENT '操作提交的数据',
  `time` mediumtext COMMENT '执行时间',
  `del_flag` char(1) DEFAULT '0' COMMENT '删除标记',
  `exception` text COMMENT '异常信息',
  PRIMARY KEY (`id`),
  KEY `sys_log_create_by` (`create_by`) USING BTREE,
  KEY `sys_log_request_uri` (`request_uri`) USING BTREE,
  KEY `sys_log_type` (`type`) USING BTREE,
  KEY `sys_log_create_date` (`create_time`) USING BTREE
) ENGINE=InnoDB DEFAULT CHARSET=utf8 COMMENT='日志表';
/*!40101 SET character_set_client = @saved_cs_client */;

--
-- Dumping data for table `sys_log_1`
--

LOCK TABLES `sys_log_1` WRITE;
/*!40000 ALTER TABLE `sys_log_1` DISABLE KEYS */;
/*!40000 ALTER TABLE `sys_log_1` ENABLE KEYS */;
UNLOCK TABLES;

--
-- Table structure for table `sys_menu`
--

DROP TABLE IF EXISTS `sys_menu`;
/*!40101 SET @saved_cs_client     = @@character_set_client */;
/*!40101 SET character_set_client = utf8 */;
CREATE TABLE `sys_menu` (
  `menu_id` int(11) NOT NULL COMMENT '菜单ID',
  `name` varchar(32) NOT NULL COMMENT '菜单名称',
  `permission` varchar(32) DEFAULT NULL COMMENT '菜单权限标识',
  `path` varchar(128) DEFAULT NULL COMMENT '前端URL',
  `url` varchar(128) DEFAULT NULL COMMENT '请求链接',
  `method` varchar(32) DEFAULT NULL COMMENT '请求方法',
  `parent_id` int(11) DEFAULT NULL COMMENT '父菜单ID',
  `icon` varchar(32) DEFAULT NULL COMMENT '图标',
  `component` varchar(64) DEFAULT NULL COMMENT 'VUE页面',
  `sort` int(11) DEFAULT '1' COMMENT '排序值',
  `type` char(1) DEFAULT NULL COMMENT '菜单类型 （0菜单 1按钮）',
  `create_time` timestamp NULL DEFAULT CURRENT_TIMESTAMP COMMENT '创建时间',
  `update_time` timestamp NULL DEFAULT NULL ON UPDATE CURRENT_TIMESTAMP COMMENT '更新时间',
  `del_flag` char(1) DEFAULT '0' COMMENT '0--正常 1--删除',
  PRIMARY KEY (`menu_id`)
) ENGINE=InnoDB DEFAULT CHARSET=utf8 COMMENT='菜单权限表';
/*!40101 SET character_set_client = @saved_cs_client */;

--
-- Dumping data for table `sys_menu`
--

LOCK TABLES `sys_menu` WRITE;
/*!40000 ALTER TABLE `sys_menu` DISABLE KEYS */;
INSERT INTO `sys_menu` VALUES (1,'系统管理',NULL,'/admin',NULL,NULL,-1,'icon-xitongguanli','Layout',1,'0','2017-11-07 12:56:00','2018-05-14 13:53:22','0'),(2,'用户管理',NULL,'user','',NULL,1,'icon-yonghuguanli','views/admin/user/index',2,'0','2017-11-02 14:24:37','2018-05-14 14:11:35','0'),(3,'菜单管理',NULL,'menu','',NULL,1,'icon-caidanguanli','views/admin/menu/index',3,'0','2017-11-08 01:57:27','2018-05-14 14:11:21','0'),(4,'角色管理',NULL,'role',NULL,NULL,1,'icon-jiaoseguanli','views/admin/role/index',4,'0','2017-11-08 02:13:37','2018-05-14 14:11:19','0'),(5,'日志管理',NULL,'log',NULL,NULL,1,'icon-rizhiguanli','views/admin/log/index',5,'0','2017-11-20 06:06:22','2018-05-14 14:11:18','0'),(6,'字典管理',NULL,'dict',NULL,NULL,1,'icon-zygl','views/admin/dict/index',6,'0','2017-11-29 03:30:52','2018-05-14 14:12:48','0'),(7,'部门管理',NULL,'dept',NULL,NULL,1,'icon-iconbmgl','views/admin/dept/index',7,'0','2018-01-20 05:17:19','2018-05-14 14:11:16','0'),(8,'客户端管理','','client','','',1,'icon-bangzhushouji','views/admin/client/index',8,'0','2018-01-20 05:17:19','2018-05-15 13:28:10','0'),(9,'客户端管理','','client','','',1,'icon-bangzhushouji','views/admin/client/index',9,'0','2018-01-20 05:17:19','2018-08-08 06:02:09','1'),(10,'路由管理',NULL,'route',NULL,NULL,1,'icon-luyou','views/admin/route/index',9,'0','2018-05-15 13:44:51','2018-11-29 05:41:27','1'),(11,'客户端管理','','client','','',1,'icon-bangzhushouji','views/admin/client/index',9,'0','2018-01-20 05:17:19','2018-08-08 06:02:22','1'),(12,'缓存状态',NULL,'http://139.224.200.249:8585',NULL,NULL,8,'icon-ecs-status',NULL,12,'0','2018-01-23 02:56:11','2018-04-20 19:51:47','0'),(13,'ELK状态',NULL,'http://139.224.200.249:5601',NULL,NULL,8,'icon-ecs-status',NULL,13,'0','2018-01-23 02:55:47','2018-04-20 19:51:40','0'),(14,'接口文档',NULL,'http://139.224.200.249:9999/swagger-ui.html',NULL,NULL,8,'icon-wendangdocument72',NULL,14,'0','2018-01-23 02:56:43','2018-04-20 19:50:47','0'),(15,'任务监控',NULL,'http://139.224.200.249:8899',NULL,NULL,8,'icon-jiankong',NULL,15,'0','2018-01-23 02:55:18','2018-04-20 19:51:34','0'),(20,'体现审批','1','','1','POST',1,'icon-yonghuguanli','/crud/index',20,'0','2018-08-01 07:00:43','2018-08-01 07:03:58','1'),(21,'用户查看','',NULL,'/admin/user/**','GET',2,'icon-xitongguanli',NULL,NULL,'1','2017-11-07 12:58:05','2018-12-21 06:14:49','0'),(22,'用户新增','sys_user_add',NULL,'/admin/user/*','POST',2,'icon-xitongguanli',NULL,NULL,'1','2017-11-08 01:52:09','2018-12-21 06:14:49','0'),(23,'用户修改','sys_user_upd',NULL,'/admin/user/**','PUT',2,'icon-xitongguanli',NULL,NULL,'1','2017-11-08 01:52:48','2018-12-21 06:14:49','0'),(24,'用户删除','sys_user_del',NULL,'/admin/user/*','DELETE',2,'icon-xitongguanli',NULL,NULL,'1','2017-11-08 01:54:01','2018-12-21 06:14:49','0'),(31,'菜单查看',NULL,NULL,'/admin/menu/**','GET',3,'icon-xitongguanli',NULL,NULL,'1','2017-11-08 01:57:56','2018-12-21 06:14:49','0'),(32,'菜单新增','sys_menu_add',NULL,'/admin/menu/*','POST',3,'icon-xitongguanli',NULL,NULL,'1','2017-11-08 02:15:53','2018-12-21 06:14:49','0'),(33,'菜单修改','sys_menu_edit',NULL,'/admin/menu/*','PUT',3,'icon-xitongguanli',NULL,NULL,'1','2017-11-08 02:16:23','2018-12-21 06:14:49','0'),(34,'菜单删除','sys_menu_del',NULL,'/admin/menu/*','DELETE',3,'icon-xitongguanli',NULL,NULL,'1','2017-11-08 02:16:43','2018-12-21 06:14:49','0'),(41,'角色查看',NULL,NULL,'/admin/role/**','GET',4,'icon-xitongguanli',NULL,NULL,'1','2017-11-08 02:14:01','2018-12-21 06:14:49','0'),(42,'角色新增','sys_role_add',NULL,'/admin/role/*','POST',4,'icon-xitongguanli',NULL,NULL,'1','2017-11-08 02:14:18','2018-12-21 06:14:49','0'),(43,'角色修改','sys_role_edit',NULL,'/admin/role/*','PUT',4,'icon-xitongguanli',NULL,NULL,'1','2017-11-08 02:14:41','2018-12-21 06:14:49','0'),(44,'角色删除','sys_role_del',NULL,'/admin/role/*','DELETE',4,'icon-xitongguanli',NULL,NULL,'1','2017-11-08 02:14:59','2018-12-21 06:14:49','0'),(45,'分配权限','sys_role_perm',NULL,'/admin/role/*','PUT',4,'icon-xitongguanli',NULL,NULL,'1','2018-04-19 23:22:55','2018-12-21 06:14:49','0'),(51,'日志查看',NULL,NULL,'/admin/log/**','GET',5,'icon-xitongguanli',NULL,NULL,'1','2017-11-20 06:07:25','2018-12-21 06:14:49','0'),(52,'日志删除','sys_log_del',NULL,'/admin/log/*','DELETE',5,'icon-xitongguanli',NULL,NULL,'1','2017-11-20 12:37:37','2018-12-21 06:14:49','0'),(53,'优惠券活动标签-领券配置',NULL,'/coupon/configListNew',NULL,'POST',3005200,'icon-xitongguanli','views/coupon/configListNew',1,'0','2019-11-11 02:31:20',NULL,'0'),(54,'优惠券活动标签-领券配置新增',NULL,'/coupon/configListNew/add',NULL,'POST',3005200,'icon-xitongguanli','views/coupon/configListNewAdd',1,'1','2019-11-11 02:32:08','2019-11-11 02:34:49','0'),(55,'优惠券活动标签-领券配置编辑',NULL,'/coupon/configListNew/edit',NULL,'POST',3005200,'icon-xitongguanli','views/coupon/configListNewEdit',1,'1','2019-11-11 02:32:33','2019-11-11 02:34:54','0'),(56,'优惠券领取订单列表',NULL,'/coupon/collectList',NULL,'POST',3005200,'icon-xitongguanli','views/coupon/collectList',1,'0','2019-11-11 02:34:34',NULL,'0'),(61,'字典查看',NULL,NULL,'/admin/dict/**','GET',6,'icon-xitongguanli',NULL,NULL,'1','2017-11-19 14:04:24','2018-12-21 06:14:49','0'),(62,'字典删除','sys_dict_del',NULL,'/admin/dict/**','DELETE',6,'icon-xitongguanli',NULL,NULL,'1','2017-11-29 03:30:11','2018-12-21 06:14:49','0'),(63,'字典新增','sys_dict_add',NULL,'/admin/dict/**','POST',6,'icon-xitongguanli',NULL,NULL,'1','2018-05-11 14:34:55','2018-12-21 06:14:49','0'),(64,'字典修改','sys_dict_upd',NULL,'/admin/dict/**','PUT',6,'icon-xitongguanli',NULL,NULL,'1','2018-05-11 14:36:03','2018-12-21 06:14:49','0'),(71,'部门查看','',NULL,'/admin/dept/**','GET',7,'icon-xitongguanli','',NULL,'1','2018-01-20 05:17:19','2018-12-21 06:14:49','0'),(72,'部门新增','sys_dept_add',NULL,'/admin/dept/**','POST',7,'icon-xitongguanli',NULL,NULL,'1','2018-01-20 06:56:16','2018-12-21 06:14:49','0'),(73,'部门修改','sys_dept_edit',NULL,'/admin/dept/**','PUT',7,'icon-xitongguanli',NULL,NULL,'1','2018-01-20 06:56:59','2018-12-21 06:14:49','0'),(74,'部门删除','sys_dept_del',NULL,'/admin/dept/**','DELETE',7,'icon-xitongguanli',NULL,NULL,'1','2018-01-20 06:57:28','2018-12-21 06:14:49','0'),(75,'公告',NULL,NULL,NULL,NULL,3006,'icon-xitongguanli',NULL,1,'0','2019-07-29 09:39:47',NULL,'0'),(76,'公告列表',NULL,'/notify/list',NULL,'POST',75,'icon-xitongguanli','views/notifyManage/notifyView',1,'0','2019-07-29 09:40:59',NULL,'0'),(77,'新增公告',NULL,'/notify/add',NULL,'POST',75,'icon-xitongguanli','views/notifyManage/notifyAdd',1,'1','2019-07-29 09:41:56','2019-07-29 09:48:05','0'),(78,'编辑公告',NULL,'/notify/edit',NULL,'POST',75,'icon-xitongguanli','views/notifyManage/notifyEdit',1,'1','2019-07-29 09:45:09','2019-07-29 09:46:01','0'),(79,'查看公告',NULL,'/notify/view',NULL,'POST',75,'icon-xitongguanli','views/notifyManage/notifyView',1,'1','2019-07-29 09:45:47','2019-07-29 09:46:45','0'),(80,'Excel调拨方式',NULL,'transfer/excel',NULL,'',2029,'icon-xitongguanli','views/poolTransfer/excelTransfer',1,'0','2019-07-30 05:45:28','2019-08-15 07:49:31','0'),(81,'调拨号码给客户经理',NULL,'/transfer/toManage',NULL,'POST',2030,'icon-xitongguanli','views/poolTransfer/toManage',1,'0','2019-07-30 03:04:59','2019-07-30 03:08:23','0'),(82,'调拨号码给商户',NULL,'/transfer/toMerchant',NULL,'POST',2030,'icon-xitongguanli','views/poolTransfer/toMerchant',1,'0','2019-07-30 03:05:17','2019-07-30 03:07:47','0'),(83,'调拨操作记录页',NULL,'/transfer/operateLog',NULL,'POST',2030,'icon-xitongguanli','views/poolTransfer/operateLog',1,'0','2019-07-30 03:05:28','2019-07-30 03:07:09','0'),(84,'红名单列表管理',NULL,'special/user/list',NULL,'POST',3005,'icon-xitongguanli','views/specialUser/list',10,'0','2019-08-12 10:05:27','2019-08-12 10:05:59','0'),(85,'红名单与套餐关联配置',NULL,'special/user/pkg',NULL,'POST',3005,'icon-xitongguanli','views/specialUser/userPkg',11,'0','2019-08-12 10:05:41','2019-08-12 10:06:06','0'),(86,'新增红名单',NULL,'special/user/add',NULL,'POST',3005,'icon-xitongguanli','views/specialUser/add',12,'1','2019-08-12 10:09:07','2019-09-10 06:48:05','0'),(87,'红名单详情',NULL,'special/user/detail',NULL,'POST',3005,'icon-xitongguanli','views/specialUser/detail',13,'1','2019-08-12 10:09:37','2019-09-10 06:48:08','0'),(88,'红名单导入结果',NULL,'special/user/result',NULL,'POST',3005,'icon-xitongguanli','views/specialUser/result',14,'1','2019-08-12 10:10:03','2019-09-10 06:48:12','0'),(89,'商户配置优惠券列表','','/coupon/list',NULL,'POST',3005200,'icon-xitongguanli','views/coupon/list',1,'0','2019-08-27 03:24:13','2019-08-27 03:25:47','0'),(90,'新增优惠券配置','','/coupon/add',NULL,'POST',3005200,'icon-xitongguanli','views/coupon/add',1,'1','2019-08-27 03:24:50','2019-08-27 03:25:50','0'),(91,'编辑优惠券配置','','/coupon/edit',NULL,'POST',3005200,'icon-xitongguanli','views/coupon/edit',1,'1','2019-08-27 03:25:13','2019-08-27 03:25:58','0'),(92,'优惠券配置查看',NULL,'/coupon/view',NULL,'POST',3005200,'icon-xitongguanli','views/coupon/view',1,'1','2019-08-27 03:25:29','2019-08-27 03:26:14','0'),(93,'优惠券产品配置列表',NULL,'/productConfig/list',NULL,'POST',3004,'icon-xitongguanli','views/productConfig/list',20,'0','2019-08-27 03:35:50','2019-08-27 03:36:00','0'),(94,'新增优惠券产品',NULL,'/productConfig/add',NULL,'POST',93,'icon-xitongguanli','views/productConfig/add',21,'1','2019-08-27 03:47:46','2019-08-27 03:48:58','0'),(95,'修改优惠券产品',NULL,'/productConfig/edit',NULL,'POST',93,'icon-xitongguanli','views/productConfig/edit',22,'1','2019-08-27 03:48:05','2019-08-27 03:48:55','0'),(96,'查看优惠券产品',NULL,'/productConfig/view',NULL,'POST',93,'icon-xitongguanli','views/productConfig/view',23,'1','2019-08-27 03:48:18','2019-08-27 03:48:51','0'),(97,'商户已配置优惠券',NULL,'/coupon/configList','','POST',3005200,'icon-xitongguanli','views/coupon/configList',1,'0','2019-08-27 10:26:40',NULL,'0'),(98,'优惠券配置',NULL,'/productConfig/config',NULL,'POST',93,'icon-xitongguanli','views/productConfig/config',1,'1','2019-09-02 06:42:51','2019-09-02 06:43:19','0'),(100,'客户端管理','','client','','',1,'icon-bangzhushouji','views/admin/client/index',10,'0','2018-01-20 05:17:19','2018-05-15 13:28:10','0'),(101,'客户端新增','sys_client_add',NULL,'/admin/client/**','POST',100,'1',NULL,NULL,'1','2018-05-15 13:35:18','2018-05-16 02:35:26','0'),(102,'客户端修改','sys_client_upd',NULL,'/admin/client/**','PUT',100,'icon-xitongguanli',NULL,NULL,'1','2018-05-15 13:37:06','2018-12-21 06:14:49','0'),(103,'客户端删除','sys_client_del',NULL,'/admin/client/**','DELETE',100,'icon-xitongguanli',NULL,NULL,'1','2018-05-15 13:39:16','2018-12-21 06:14:49','0'),(104,'客户端查看',NULL,NULL,'/admin/client/**','GET',100,'icon-xitongguanli',NULL,NULL,'1','2018-05-15 13:39:57','2018-12-21 06:14:49','0'),(110,'路由管理',NULL,'route',NULL,NULL,1,'icon-luyou','views/admin/route/index',11,'0','2018-05-15 13:44:51','2018-05-15 22:58:20','0'),(111,'路由查看',NULL,NULL,'/admin/route/**','GET',110,'icon-xitongguanli',NULL,NULL,'1','2018-05-15 13:45:59','2018-12-21 06:14:49','0'),(112,'路由新增','sys_route_add',NULL,'/admin/route/**','POST',110,'icon-xitongguanli',NULL,NULL,'1','2018-05-15 13:52:22','2018-12-21 06:14:49','0'),(113,'路由修改','sys_route_upd',NULL,'/admin/route/**','PUT',110,'icon-xitongguanli',NULL,NULL,'1','2018-05-15 13:55:38','2018-12-21 06:14:49','0'),(114,'路由删除','sys_route_del',NULL,'/admin/route/**','DELETE',110,'icon-xitongguanli',NULL,NULL,'1','2018-05-15 13:56:45','2018-12-21 06:14:49','0'),(120,'审核',NULL,'audit',NULL,'GET',1,'icon-iconbmgl','views/admin/audit/index',10,'0','2018-08-01 02:36:39','2018-08-01 03:21:19','1'),(121,'商户资质审核',NULL,NULL,'views/audit/**','POST',120,'icon-xitongguanli',NULL,1,NULL,'2018-08-01 02:41:45','2018-12-21 06:14:49','1'),(122,'经理资质审核',NULL,NULL,'views/audit/**','POST',120,'icon-xitongguanli',NULL,1,'1','2018-08-01 02:42:22','2018-12-21 06:14:49','1'),(130,'审核',NULL,'audit',NULL,NULL,1,'icon-luyou','views/admin/audit/index',12,'0','2018-08-01 03:28:55','2018-12-17 12:33:15','1'),(140,'合作',NULL,NULL,NULL,NULL,130,'icon-xitongguanli',NULL,1,'0','2018-08-08 05:52:03','2018-12-21 06:14:49','1'),(150,'合作',NULL,'cooperation',NULL,NULL,1,'icon-luyou','views/admin/cooperation/index',13,'0','2018-08-08 06:21:47','2018-12-17 10:13:57','1'),(160,'客户管理',NULL,'customer',NULL,'POST',1,'icon-caidanguanli','views/admin/customer/index',14,'0','2018-11-26 02:32:07','2018-12-17 09:39:21','1'),(170,'运营',NULL,'marketing','','POST',1,'icon-luyou','views/admin/marketing/index',18,'0','2018-12-10 09:09:04','2018-12-10 09:55:12','0'),(220,'权限审批',NULL,'router',NULL,NULL,1,'icon-bangzhushouji','/crud/index',30,NULL,'2018-08-01 07:22:13','2018-08-01 08:29:54','1'),(703,'公告详情-接口','',NULL,'/bi/bulletin/detail','GET',75,NULL,NULL,3,'1','2019-08-05 11:48:14','2019-08-05 11:50:07','0'),(751,'公告列表-接口',NULL,NULL,'/bi/bulletin/page','POST',75,NULL,NULL,1,'1','2019-08-01 08:46:47','2019-08-01 09:20:53','0'),(752,'发布公告-接口',NULL,NULL,'/bi/bulletin/publish','POST',75,NULL,NULL,1,'1','2019-08-01 08:58:22','2019-08-01 09:23:28','0'),(754,'暂存公告-接口',NULL,NULL,'/bi/bulletin/staging','POST',75,NULL,NULL,4,'1','2019-08-05 12:11:35','2019-08-05 12:12:11','0'),(756,'置顶公告-接口',NULL,NULL,'/bi/bulletin/top','GET',75,NULL,NULL,5,'1','2019-08-05 12:21:38','2019-08-05 12:21:52','0'),(757,'下架公告-接口',NULL,NULL,'/bi/bulletin/offload','GET',75,NULL,NULL,7,'1','2019-08-05 12:22:28','2019-08-05 12:22:41','0'),(758,'取消发布-接口',NULL,NULL,'/bi/bulletin/cancelPublish','GET',75,NULL,NULL,8,'1','2019-08-05 12:23:24',NULL,'0'),(759,'删除公告-接口',NULL,NULL,'/bi/bulletin/delete','GET',75,NULL,NULL,9,'1','2019-08-05 12:24:04',NULL,'0'),(1001,'移动端',NULL,NULL,NULL,NULL,-1,'icon-xitongguanli',NULL,1,'0','2018-12-06 06:09:24',NULL,'0'),(1010,'体现申请详情',NULL,'wrCashDetail',NULL,NULL,3112,'icon-rizhiguanli','views/withdrawCash/wrCashDetail',10,'0','2018-08-02 07:07:25','2018-08-02 07:10:23','1'),(1011,'提现申请详情','icon-rizhiguanli','wrCashDetail',NULL,NULL,1,'icon-xitongguanli','views/withdrawCash/wrCashDetail',1020,NULL,'2018-08-02 07:30:36','2018-12-21 06:14:49','1'),(1101,'邮寄',NULL,NULL,'/product/applycard/sendMail','POST',30022001,NULL,NULL,1,'1','2019-05-25 09:03:09',NULL,'0'),(1102,'列表查询',NULL,NULL,'/product/applycard/applyPnumberList','POST',30022001,NULL,NULL,1,'1','2019-05-25 09:03:46',NULL,'0'),(1103,'手动验证开卡资料',NULL,NULL,'/product/applycard/handVerifySigleld','POST',30022001,NULL,NULL,1,'1','2019-05-25 09:08:03',NULL,'0'),(1104,'公司列表查询',NULL,NULL,'/product/company/page','POST',30054007,NULL,NULL,1,'1','2019-06-03 06:07:57',NULL,'0'),(1105,'关联套餐',NULL,NULL,'/product/company/bindPackage','POST',30054007,NULL,NULL,1,'1','2019-05-25 09:12:04',NULL,'0'),(1106,'添加渠道',NULL,NULL,'/product/company/addCompany','POST',30054007,NULL,NULL,1,NULL,'2019-05-25 09:13:20',NULL,'0'),(1107,'更新渠道信息',NULL,NULL,'/product/company/updateCompany','POST',30054007,NULL,NULL,1,'1','2019-06-03 06:08:25',NULL,'0'),(1108,'列表查询',NULL,NULL,'/product/mobilePackage/page','POST',30054003,NULL,NULL,1,'1','2019-05-25 09:22:41',NULL,'0'),(1109,'套餐详情查询',NULL,NULL,'/product/mobilePackage/getPackageById','GET',30054003,NULL,NULL,1,'1','2019-05-25 09:37:47','2019-05-27 07:40:31','0'),(1110,'新增套餐',NULL,NULL,'/product/mobilePackage/addPackage','POST',30054003,NULL,NULL,1,'1','2019-05-25 09:38:08',NULL,'0'),(1111,'编辑套餐',NULL,NULL,'/product/mobilePackage/update','POST',30054003,NULL,NULL,1,'1','2019-05-25 09:38:31',NULL,'0'),(1112,'列表查询',NULL,NULL,'/product/nicenumber/pageList','POST',30054016,NULL,NULL,1,'1','2019-05-25 09:46:42',NULL,'0'),(1113,'编辑列表',NULL,NULL,'/product/nicenumber/editManage','POST',30054016,NULL,NULL,1,'1','2019-05-25 09:47:08',NULL,'0'),(1114,'靓号管理 详情列表',NULL,NULL,'/product/nicenumber/detailList','POST',30054016,NULL,NULL,1,'1','2019-05-25 09:47:37',NULL,'0'),(1115,'添加配置',NULL,NULL,'/product/nicenumber/addNumArea','POST',30054016,NULL,NULL,1,NULL,'2019-05-25 09:47:59',NULL,'0'),(1116,'编辑靓号配置',NULL,NULL,'/product/nicenumber/editNumDetail','POST',30054016,NULL,NULL,1,'1','2019-05-25 09:48:27',NULL,'0'),(1117,'配置详情查看',NULL,NULL,'/product/nicenumber/detail','POST',30054016,NULL,NULL,1,'1','2019-05-25 09:48:58',NULL,'0'),(1118,'号池查询',NULL,NULL,'/product/numpool/numPoolPage','POST',30054003,NULL,NULL,1,NULL,'2019-05-25 09:49:42',NULL,'0'),(1119,'手动释放号码',NULL,NULL,'/product/pnumbertemp/renewReleasePnumber','POST',2001102,NULL,NULL,1,'1','2019-05-25 09:51:54','2019-05-25 09:55:50','0'),(1120,'列表查询',NULL,NULL,'/product/pnumbertemp/selectPnumberList','POST',2001102,NULL,NULL,1,NULL,'2019-05-25 09:52:25','2019-05-25 09:55:51','0'),(1121,'号码预占',NULL,NULL,'/product/pnumbertemp/searchPnumberList','POST',2001102,NULL,NULL,1,'1','2019-05-25 09:54:57',NULL,'0'),(1122,'重新预占',NULL,NULL,'/product/pnumbertemp/renewHoldPnumber','POST',2001102,NULL,NULL,1,'1','2019-05-25 09:53:18','2019-05-25 09:55:52','0'),(1123,'列表查询',NULL,NULL,'/product/pnumbertemp/companyPhone','POST',2001101,NULL,NULL,1,'1','2019-05-25 09:56:51',NULL,'0'),(1124,'检测',NULL,NULL,'/product/pnumbertemp/checkPool','POST',2001101,NULL,NULL,1,'1','2019-05-25 09:57:13',NULL,'0'),(1125,'同步号池',NULL,NULL,'/product/pnumbertemp/syncPool','POST',2001101,NULL,NULL,1,'1','2019-05-25 09:57:37',NULL,'0'),(1126,'同步结果查询',NULL,NULL,'/product/pnumbertemp/syncResult','POST',2001101,NULL,NULL,1,'1','2019-05-25 09:57:57',NULL,'0'),(1128,'查询赠送包',NULL,NULL,'/product/packet/getTelecomPacketData','POST',30054003,NULL,NULL,1,'1','2019-05-25 09:59:05',NULL,'0'),(1129,'宽带渠道列表',NULL,'/product/wideband/channelList',NULL,NULL,3005400,'icon-rizhiguanli','views/wideband/channelList',1,'0','2019-06-10 12:22:32','2019-06-10 12:36:07','0'),(1130,'宽带渠道详情',NULL,'/product/wideband/channelDetail',NULL,NULL,3005400,'icon-rizhiguanli','views/wideband/channelDetail',1,'1','2019-06-10 12:23:14','2019-06-10 12:36:12','0'),(1131,'装宽套餐列表',NULL,'/product/wideband/package',NULL,NULL,30054014,'icon-rizhiguanli','views/wideband/package',1,'0','2019-06-10 12:23:45','2019-06-10 12:27:17','0'),(1132,'装宽套餐详情',NULL,'/product/wideband/packageDetail',NULL,NULL,30054014,'icon-rizhiguanli','views/wideband/packageDetail',1,'1','2019-06-10 12:24:18','2019-06-10 12:27:19','0'),(1133,'关联套餐',NULL,'/product/wideband/connectPackage',NULL,NULL,3005400,'icon-rizhiguanli','views/wideband/connectPackage',1,'1','2019-06-10 12:24:18','2019-06-10 12:27:19','0'),(1134,'预约宽带订单列表',NULL,'/product/wideband/order/reserveList','',NULL,3002200,'icon-xitongguanli','view/wideband/order/reserveList',1,'0','2019-06-18 03:51:01','2019-06-18 03:55:27','0'),(1135,'预约宽带订单列表详情',NULL,'/product/wideband/order/reserveDetail','',NULL,3002200,'icon-xitongguanli','view/wideband/order/reserveDetail',1,'1','2019-06-18 03:51:32','2019-06-18 03:52:50','0'),(1136,'普通宽带订单列表',NULL,'/product/wideband/order/applyList','',NULL,3002200,'icon-xitongguanli','view/wideband/order/applyList',1,'0','2019-06-18 03:52:00','2019-06-18 03:55:33','0'),(1137,'普通宽带订单列表详情',NULL,'/product/wideband/order/applyDetail','',NULL,3002200,'icon-xitongguanli','view/wideband/order/applyDetail',1,'1','2019-06-18 03:52:25','2019-06-18 03:52:55','0'),(1138,'运营设置',NULL,NULL,NULL,NULL,3006,'icon-xitongguanli',NULL,1,'0','2019-06-18 03:54:57','2019-06-18 03:55:11','0'),(1139,'宽带入口设置',NULL,'/product/wideband/inletSetting',NULL,NULL,1138,'icon-xitongguanli','view/wideband/inletSetting',1,'0','2019-06-18 03:56:16','2019-06-18 03:56:27','0'),(1222,'审核',NULL,NULL,'/product/mobilePackage/audit','POST',30054003,NULL,NULL,1,'1','2019-07-29 09:10:54',NULL,'0'),(1301,'审核详情',NULL,NULL,'/admin/audit/**',NULL,130,'icon-xitongguanli',NULL,1,'1','2018-08-02 01:47:34','2018-12-21 06:14:49','1'),(1302,'获取资质',NULL,NULL,'/admin/codeTable/**','GET',130,'icon-xitongguanli',NULL,1,'1','2018-12-06 03:31:28','2018-12-21 06:14:49','1'),(1303,'地区资质列表',NULL,NULL,'/admin/area/**','POST',130,'icon-xitongguanli',NULL,1,'1','2018-12-14 03:37:54','2018-12-21 06:14:49','1'),(1304,'个性资质列表',NULL,NULL,'/admin/personCheck/**','POST',130,'icon-xitongguanli',NULL,1,'1','2018-12-15 02:56:21','2018-12-21 06:14:49','1'),(1501,'运营商',NULL,'http://139.224.200.249:8585',NULL,NULL,150,'icon-luyou',NULL,1,'0','2018-08-08 06:36:09','2018-08-08 06:53:52','1'),(1502,'客户经理',NULL,NULL,NULL,NULL,150,'icon-luyou',NULL,2,'0','2018-08-08 06:36:56','2018-08-08 06:53:55','1'),(1503,'商户',NULL,NULL,NULL,NULL,150,'icon-luyou',NULL,3,'0','2018-08-08 06:37:27','2018-08-08 06:53:58','1'),(1504,'客户经理类型',NULL,NULL,'/admin/managerCheck/**','POST',150,'icon-xitongguanli',NULL,1,'1','2018-12-06 12:41:05','2018-12-21 06:14:49','1'),(1505,'商户类型列表',NULL,NULL,'/admin/merchantCheck/**','POST',150,'icon-xitongguanli',NULL,1,'1','2018-12-07 03:27:02','2018-12-21 06:14:49','1'),(1506,'商品类型列表',NULL,NULL,'/admin/codeTable/**','POST',150,'icon-xitongguanli',NULL,1,'1','2018-12-10 02:23:45','2018-12-21 06:14:49','1'),(1507,'客户经理列表',NULL,NULL,'/admin/businessUser/**','POST',150,'icon-xitongguanli',NULL,1,'1','2018-12-10 07:48:15','2018-12-21 06:14:49','1'),(1508,'商户关联用户',NULL,NULL,'/admin/businessOrder/**','POST',150,'icon-xitongguanli',NULL,1,'1','2018-12-11 02:48:42','2018-12-21 06:14:49','1'),(1601,'一级标签',NULL,'tagOneView','/admin/label/**','POST',160,'icon-xitongguanli','views/admin/customer/tagOneView',1,'1','2018-11-26 08:18:12','2018-12-21 06:14:49','1'),(1602,'用户列表',NULL,'customerList','/admin/customer/**','POST',160,'icon-xitongguanli','views/admin/customer/subviews/customerList',1,'1','2018-11-28 07:56:07','2018-12-21 06:14:49','1'),(1603,'获取省市区',NULL,NULL,'/admin/area/**','GET',160,'icon-xitongguanli',NULL,1,'1','2018-11-29 10:03:11','2018-12-21 06:14:49','1'),(1701,'营销管理',NULL,NULL,NULL,NULL,170,'icon-xitongguanli',NULL,1,NULL,'2018-12-10 09:19:12','2018-12-21 06:14:49','0'),(2001,'运维','',NULL,NULL,NULL,-1,'icon-jiaoseguanli',NULL,11,'0','2019-04-10 01:47:47','2019-04-10 01:48:46','0'),(2011,'共用',NULL,NULL,NULL,NULL,1001,'icon-xitongguanli',NULL,3,NULL,'2018-12-18 09:27:32','2018-12-21 06:14:49','0'),(2012,'文件上传',NULL,NULL,'/other/file/upload','POST',2011,'icon-xitongguanli',NULL,1,'1','2018-12-18 09:28:45','2018-12-21 06:14:49','0'),(2013,'文件下载',NULL,NULL,'/other/file/download','GET',2011,'icon-xitongguanli',NULL,2,'1','2018-12-19 02:37:57','2018-12-21 06:14:49','0'),(2014,'第三方登录',NULL,NULL,'','POST',2011,NULL,NULL,1,'0','2019-01-10 09:02:10','2019-01-14 07:52:57','0'),(2015,'通用开关API',NULL,NULL,'/product/switch/app/*','POST',2011,NULL,NULL,1,'1','2019-05-30 10:21:32',NULL,'0'),(2016,'号池管理页',NULL,'/numpool/list',NULL,'POST',2001100,'icon-xitongguanli','views/numpool/numPoolList',1,'0','2019-07-05 02:32:51',NULL,'0'),(2017,'号池详情',NULL,'/numpool/detail',NULL,'POST',2001100,'icon-xitongguanli','views/numpool/numPoolDetail',1,'1','2019-07-05 02:33:33','2019-07-05 02:35:32','0'),(2018,'客户经理收款设置',NULL,'/business/setting/list',NULL,'POST',3007300,'icon-xitongguanli','views/businessSetting/businessSettingList',1,'0','2019-07-05 02:35:20',NULL,'0'),(2019,'列表',NULL,NULL,'/admin/businessUser/businessPage','POST',2018,NULL,NULL,1,'1','2019-07-05 02:37:42',NULL,'0'),(2020,'编辑、新增',NULL,NULL,'/admin/businessUser/businessSettingManage','POST',2018,NULL,NULL,1,'1','2019-07-05 02:38:16','2019-07-13 02:36:43','0'),(2021,'新增号池',NULL,NULL,'/product/numpool/addNumPool','POST',2016,NULL,NULL,1,'1','2019-07-05 02:40:31',NULL,'0'),(2022,'编辑号池',NULL,NULL,'/product/numpool/editNumPool','POST',2016,NULL,NULL,1,'1','2019-07-05 02:41:15','2019-07-05 02:41:53','0'),(2023,'列表',NULL,NULL,'/product/numpool/page','POST',2016,NULL,NULL,1,'1','2019-07-05 02:41:32','2019-07-05 02:42:10','0'),(2024,'判断号池id是否存在',NULL,NULL,'/product/numpool/isExistsNumPool','POST',2016,NULL,NULL,1,'1','2019-07-05 09:42:19','2019-07-05 09:42:42','0'),(2025,'操作日志',NULL,NULL,'/product/operationLog/opertionLogList','POST',2018,NULL,NULL,1,'1','2019-07-06 09:57:34',NULL,'0'),(2026,'关联渠道列表',NULL,NULL,'/product/company/companyList','POST',2016,NULL,NULL,1,'1','2019-07-10 06:52:21','2019-07-10 06:53:09','0'),(2027,'开卡订单详情',NULL,'applycard/applyCardDetail',NULL,'POST',30022001,'icon-xitongguanli','views/applycard/applyCardDetail',1,'1','2019-07-10 09:54:02','2019-07-10 09:55:11','0'),(2028,'身份证 图片渲染',NULL,NULL,'/admin/idCard/showApplyCardImage','GET',30022001,NULL,NULL,1,'1','2019-07-11 04:48:15','2019-07-11 05:35:47','0'),(2029,'调拨管理',NULL,'',NULL,NULL,-1,'icon-yonghuguanli','',1,'0','2019-07-11 07:53:36','2019-07-30 05:49:31','0'),(2030,'在线调拨号码',NULL,NULL,NULL,'POST',2029,'icon-yonghuguanli',NULL,1,'0','2019-07-11 07:54:17',NULL,'0'),(2031,'号池ID关系配置页',NULL,'/poolConfig/poolNumConfigList',NULL,NULL,2030,'icon-yonghuguanli','/views/poolConfig/poolNumConfigList',1,'0','2019-07-11 07:55:19','2019-07-11 07:55:34','0'),(2032,'号池ID关联页-新增内容页',NULL,'/poolConfig/addPoolNumConfig',NULL,NULL,2030,NULL,'/views/poolConfig/addPollNumConfig',1,'1','2019-07-11 08:53:55',NULL,'0'),(2033,'客户经理收款设置',NULL,NULL,'/admin/businessUser/businessSetting','POST',3410,NULL,NULL,1,'1','2019-07-12 10:09:41',NULL,'0'),(3000,'翼米助手',NULL,NULL,NULL,NULL,1001,'icon-xitongguanli',NULL,1,NULL,'2018-12-06 06:14:25','2018-12-21 06:14:49','0'),(3001,'首页',NULL,NULL,NULL,NULL,-1,'icon-xitongguanli',NULL,3,'0','2018-12-17 02:34:25',NULL,'0'),(3002,'订单',NULL,'',NULL,NULL,-1,'icon-xitongguanli','',3,'0','2018-12-17 02:35:15','2018-12-18 09:05:33','0'),(3003,'商城商品',NULL,NULL,NULL,NULL,-1,'icon-xitongguanli',NULL,4,'0','2018-12-17 02:36:03','2018-12-21 07:15:48','0'),(3004,'产品',NULL,'/product',NULL,NULL,-1,'icon-xitongguanli','Layout',5,'0','2018-12-17 02:38:00','2018-12-17 12:16:54','0'),(3005,'用户',NULL,'',NULL,NULL,-1,'icon-xitongguanli','',6,'0','2018-12-17 02:38:54','2019-08-13 01:46:48','0'),(3006,'运营','','/marketing','',NULL,-1,'icon-xitongguanli','Layout',7,'0','2018-12-17 02:39:28','2018-12-17 03:42:45','0'),(3007,'财务',NULL,NULL,NULL,NULL,-1,'icon-xitongguanli',NULL,8,'0','2018-12-17 02:40:41',NULL,'0'),(3008,'报表中心',NULL,NULL,NULL,NULL,-1,'icon-xitongguanli',NULL,11,'0','2019-04-29 01:45:02','2019-04-29 01:45:13','0'),(3009,'设置',NULL,NULL,NULL,NULL,-1,'icon-xitongguanli',NULL,10,'0','2018-12-17 02:41:21',NULL,'0'),(3010,'客户经理-配置渠道号池套餐',NULL,NULL,NULL,NULL,3000,NULL,NULL,1,'0','2019-08-01 09:04:40',NULL,'0'),(3013,'商品管理',NULL,NULL,NULL,NULL,3003,'icon-xitongguanli',NULL,1,'0','2018-12-20 07:13:35','2018-12-21 06:14:49','0'),(3044,'商品排序添加|编辑',NULL,NULL,'/shop/itemSort/save','POST',3013,NULL,NULL,1,'1','2019-01-08 06:34:14',NULL,'0'),(3045,'商品排序删除',NULL,NULL,'/shop/itemSort/delete','POST',3013,NULL,NULL,1,'1','2019-01-08 06:35:08',NULL,'0'),(3100,'商品库存管理',NULL,NULL,NULL,NULL,3003,'icon-xitongguanli',NULL,1,'0','2018-12-20 08:30:59','2018-12-21 06:14:49','0'),(3101,'库存管理',NULL,'/warehouse/warehouseList','/shop/item/inventoryList','POST',3100,'icon-xitongguanli','views/warehouse/warehouseList',1,'0','2018-12-20 08:32:03','2018-12-21 06:14:49','0'),(3102,'追加库存-文件上传',NULL,NULL,'/shop/itemInventory/upload','POST',3100,'icon-xitongguanli',NULL,1,'1','2018-12-20 08:33:07','2018-12-21 06:14:49','0'),(3110,'提现申请详情',NULL,'wrCashDetail',NULL,NULL,1,'icon-rizhiguanli','views/withdrawCash/wrCashDetail',1000,NULL,'2018-08-06 06:58:48','2018-08-06 07:00:21','1'),(3111,'提现申请详情',NULL,'wrCashDetail',NULL,NULL,1,'icon-rizhiguanli','views/withdrawCash/wrCashDetail',110,'0','2018-08-06 07:01:19','2018-08-29 03:36:48','0'),(3112,'提现申请列表',NULL,'wrCash',NULL,NULL,1,'icon-rizhiguanli','views/withdrawCash/wrCashList',100,'0','2018-08-01 08:30:55','2018-08-01 08:36:19','0'),(3113,'提现',NULL,'wrCashDetail',NULL,NULL,3112,'icon-xitongguanli','views/withdrawCash/wrCashDetail',1,NULL,'2018-08-06 02:54:57','2018-12-21 06:14:49','1'),(3114,'提现申请详情',NULL,'wrCashDetail',NULL,NULL,3112,'icon-xitongguanli','views/withdrawCash/wrCashDetail',1,'1','2018-08-06 03:00:31','2018-12-21 06:14:49','1'),(3115,'电信返积分参数列表',NULL,'integralList','',NULL,1,'icon-rizhiguanli','views/integral/integralList',110,'0','2018-08-09 03:15:44',NULL,'0'),(3116,'新增电信返积分参数',NULL,'addIntegral',NULL,NULL,1,'icon-rizhiguanli','views/integral/addIntegral',120,'0','2018-08-10 03:10:44',NULL,'0'),(3117,'提现申请详情',NULL,'wrCashDetail','','GET',3112,'icon-xitongguanli','views/withdrawCash/wrCashDetail',1,'1','2018-08-06 03:23:31','2018-12-21 06:14:49','1'),(3118,'佣金列表',NULL,'commissionList',NULL,NULL,1,'icon-rizhiguanli','views/commission/commissionList',120,'0','2018-08-23 08:47:57',NULL,'0'),(3120,'客户经理和商户关系列表',NULL,'excelList',NULL,NULL,-1,'icon-rizhiguanli','views/excelImport/excelList',100,'0','2018-09-03 08:35:23','2018-09-03 08:35:57','1'),(3123,'库存-确认录入',NULL,NULL,'/shop/import/formal','POST',3100,NULL,NULL,1,'1','2019-01-08 08:13:25',NULL,'0'),(3200,'客户经理和商户关系导入列表',NULL,'excelList',NULL,'POST',1,'icon-rizhiguanli','views/importExcel/excelList',100,'0','2018-09-14 11:38:19',NULL,'0'),(3210,'导入记录',NULL,'commisImpHis',NULL,NULL,1,'icon-rizhiguanli','views/commission/commissionImpHis',130,'0','2018-08-24 01:57:06',NULL,'0'),(3213,'商品列表',NULL,'/shop/shopList','/shop/item/list','POST',3013,'icon-xitongguanli','views/shopManage/shopList',1,'0','2018-12-20 07:15:06','2018-12-21 06:14:49','0'),(3214,'新增商品',NULL,NULL,'/shop/item/save','POST',3013,'icon-xitongguanli',NULL,1,'1','2018-12-20 07:16:56','2018-12-21 06:14:49','0'),(3216,'商品查看','',NULL,'/shop/item/detail','POST',3013,'icon-xitongguanli',NULL,1,'1','2018-12-20 07:19:08','2018-12-21 06:14:49','0'),(3220,'编辑界面',NULL,NULL,'/shop/item/editDetailUi','POST',3013,'icon-xitongguanli',NULL,1,'1','2018-12-20 07:22:41','2018-12-21 06:14:49','0'),(3221,'编辑商品',NULL,NULL,'/shop/item/edit','POST',3013,'icon-xitongguanli',NULL,1,'1','2018-12-20 07:23:03','2018-12-21 06:14:49','0'),(3222,'上架|下架',NULL,NULL,'/shop/item/itemStatus','POST',3013,'icon-xitongguanli',NULL,1,'1','2018-12-20 07:24:51','2018-12-21 06:14:49','0'),(3223,'商品列表图上传',NULL,NULL,'/other/file/uploadItem','POST',3013,NULL,NULL,1,'1','2019-01-22 07:33:17',NULL,'0'),(3300,'资质管理',NULL,NULL,'','POST',3000,'icon-xitongguanli',NULL,1,'0','2018-12-18 07:15:02','2018-12-21 06:14:49','0'),(3301,'列表查询',NULL,NULL,'/product/packet/telecomPacket/back/page','POST',300540143,NULL,NULL,1,'1','2019-07-23 12:34:01',NULL,'0'),(3302,'添加开卡附赠包',NULL,NULL,'/product/packet/telecomPacket/back/add','POST',300540143,NULL,NULL,1,'1','2019-07-23 12:42:23',NULL,'0'),(3303,'修改开卡附赠包',NULL,NULL,'/product/packet/telecomPacket/back/update','POST',300540143,NULL,NULL,1,'1','2019-07-23 12:45:03',NULL,'0'),(3304,'删除开卡附赠包',NULL,NULL,'/product/packet/telecomPacket/back/delete','POST',300540143,NULL,NULL,1,'1','2019-07-23 12:46:26',NULL,'0'),(3305,'查看开卡附赠包详情',NULL,NULL,'/product/packet/telecomPacket/back/detail','POST',300540143,NULL,NULL,1,'1','2019-07-23 12:47:48',NULL,'0'),(3306,'关联开卡套餐列表查询',NULL,NULL,'/product/packet/telecomPacket/back/relateMobilePackagePage','POST',300540143,NULL,NULL,1,'1','2019-07-23 13:17:02',NULL,'0'),(3307,'关联融宽套餐列表查询',NULL,NULL,'/product/packet/telecomPacket/back/relateMixPackagePage','POST',300540143,NULL,NULL,1,'1','2019-07-31 08:58:22',NULL,'0'),(3320,'客户经理资质','','','','',3300,'icon-xitongguanli','',1,'0','2018-12-18 07:15:02','2018-12-21 06:14:41','0'),(3321,'客户经理角色分页列表',NULL,NULL,'/admin/managerCheck/app/role/page','POST',3320,'icon-xitongguanli',NULL,1,'1','2018-12-18 07:21:02','2018-12-21 06:14:49','0'),(3322,'动态获取资质表单',NULL,NULL,'/admin/managerCheck/app/getManagerList','POST',3320,'icon-xitongguanli',NULL,1,'1','2018-12-18 07:22:37','2018-12-21 06:14:49','0'),(3323,'提交资质',NULL,NULL,'/admin/managerCheck/app/submitinfo','POST',3320,'icon-xitongguanli',NULL,1,'1','2018-12-18 07:23:21','2018-12-21 06:14:49','0'),(3324,'动态获取补充资料表单',NULL,NULL,'/admin/managerCheck/app/getAdditionList','POST',3320,'icon-xitongguanli',NULL,1,'1','2018-12-18 07:24:03','2018-12-21 06:14:49','0'),(3325,'提交或修改补充资料',NULL,NULL,'/admin/managerCheck/app/submitAdditionInfo','POST',3320,'icon-xitongguanli',NULL,1,'1','2018-12-18 07:24:36','2018-12-21 06:14:49','0'),(3326,'检查资料完善状态',NULL,NULL,'/admin/managerCheck/app/checkAdditionInfo','POST',3320,'icon-xitongguanli',NULL,1,'1','2018-12-18 07:25:15','2018-12-21 06:14:49','0'),(3333,'提现申请详情',NULL,'wrCashDetail',NULL,NULL,1,'icon-rizhiguanli','views/withdrawCash/wrCashDetail',110,'0','2018-08-02 07:34:14','2018-08-06 02:52:43','1'),(3410,'客户经理-商户信息',NULL,NULL,NULL,NULL,3000,NULL,NULL,1,NULL,'2019-01-03 02:39:37',NULL,'0'),(3411,'修改帐号',NULL,NULL,'/admin/businessUser/changeAccount','POST',3410,NULL,NULL,1,'1','2019-01-03 02:41:06',NULL,'0'),(3412,'修改手机号码',NULL,NULL,'/admin/businessUser/changeMobile','POST',3410,NULL,NULL,1,'1','2019-01-03 02:58:36','2019-01-03 03:03:07','0'),(3413,'修改密码',NULL,NULL,'/admin/businessUser/changePassword','POST',3410,NULL,NULL,1,'1','2019-01-03 02:59:59','2019-01-03 03:03:11','0'),(3414,'找回密码',NULL,NULL,'/admin/businessUser/findPassword','POST',3410,NULL,NULL,1,'1','2019-01-03 03:06:33',NULL,'0'),(3415,'客户经理-商户修改密码获取验证码',NULL,NULL,'/admin/smsCode/business/generateVerifyCode','POST',3410,NULL,NULL,1,'1','2019-01-03 03:38:11',NULL,'0'),(3416,'忘记密码获取验证码',NULL,NULL,'/admin/smsCode/business/mobile/verifyCode','POST',3410,NULL,NULL,1,'1','2019-01-03 03:38:53','2019-01-03 05:59:56','0'),(3417,'换绑手机获取验证码',NULL,NULL,'/smsCode/business/changeMobile/verifyCode','POST',3410,NULL,NULL,1,'1','2019-01-04 01:54:44',NULL,'0'),(3418,'翼米助手用户注销',NULL,NULL,'/admin/businessUser/logOff','POST',3410,NULL,NULL,1,'1','2019-09-10 07:57:41','2019-09-10 07:57:59','0'),(3420,'客户经理',NULL,NULL,NULL,NULL,3400,'icon-xitongguanli',NULL,1,'0','2018-12-18 07:16:53','2018-12-21 06:14:49','0'),(3501,'蓝牙识别仪',NULL,NULL,NULL,NULL,3000,NULL,NULL,1,'0','2019-05-30 06:03:34',NULL,'0'),(3502,'上传身份证用户材料申请-分页',NULL,NULL,'/product/buserIdentityApply/page','POST',3501,NULL,NULL,1,'1','2019-05-30 06:04:52',NULL,'0'),(3503,'身份证用户材料申请-详情',NULL,NULL,'/product/buserIdentityApply/detail','POST',3501,NULL,NULL,1,'1','2019-05-30 06:06:14',NULL,'0'),(3504,'上传资料',NULL,NULL,'/product/buserIdentityApply/uploadData','POST',3501,NULL,NULL,1,'1','2019-05-30 06:07:10',NULL,'0'),(3511,'商品收藏夹',NULL,NULL,'','POST',5000,NULL,NULL,1,'0','2019-01-10 01:50:31','2019-01-10 01:53:38','0'),(3512,'添加商品到收藏夹',NULL,NULL,'/shop/itemFavorite/customer/add','POST',3511,NULL,NULL,1,'1','2019-01-10 01:51:32',NULL,'0'),(3513,'收藏夹删除商品',NULL,NULL,'/shop/itemFavorite/customer/del','POST',3511,NULL,NULL,1,'1','2019-01-10 01:52:31',NULL,'0'),(3514,'收藏夹商品列表',NULL,NULL,'/shop/itemFavorite/customer/list','POST',3511,NULL,NULL,1,'1','2019-01-10 01:53:22',NULL,'0'),(3600,'商品购物车',NULL,NULL,NULL,NULL,5000,NULL,NULL,1,'0','2019-01-10 02:36:41','2019-01-22 10:35:14','0'),(3601,'添加商品到购物车',NULL,NULL,'/shop/shopTrolley/customer/add','POST',3600,NULL,NULL,1,'1','2019-01-10 02:37:34',NULL,'0'),(3602,'购物车商品列表',NULL,NULL,'/shop/shopTrolley/customer/list','POST',3600,NULL,NULL,1,'1','2019-01-10 02:38:18',NULL,'0'),(3603,'购物车删除商品',NULL,NULL,'/shop/shopTrolley/customer/del','POST',3600,NULL,NULL,1,'1','2019-01-10 02:38:52',NULL,'0'),(3604,'修改购物车商品数量',NULL,NULL,'/shop/shopTrolley/customer/changeNum','POST',3600,NULL,NULL,1,'1','2019-01-10 02:41:09',NULL,'0'),(3711,'卡券',NULL,NULL,NULL,NULL,5000,NULL,NULL,1,'0','2019-01-16 12:26:42',NULL,'0'),(3712,'我的卡券',NULL,NULL,'/shop/myCoupon/customer/list','POST',3711,NULL,NULL,1,'1','2019-01-16 12:27:18',NULL,'0'),(4000,'客户经理和商户关系列表',NULL,'excelList',NULL,NULL,1,'icon-rizhiguanli','views/excelImport/excelList',100,'0','2018-09-03 08:45:05',NULL,'0'),(4001,'客户经理和商户关系查询',NULL,'excelSearch',NULL,NULL,1,'icon-rizhiguanli','views/excelImport/excelSearch',100,'0','2018-09-03 08:45:55',NULL,'0'),(4002,'三级分销佣金列表',NULL,'commissionThreeList',NULL,NULL,1,'icon-rizhiguanli','views/commissionThree/commissionList',110,'0','2018-09-14 11:07:41',NULL,'0'),(4003,' 三级分销导入记录',NULL,'commisThreeImpHis',NULL,NULL,1,'icon-rizhiguanli','views/commissionThree/commissionImpHis',120,'0','2018-09-14 11:08:11',NULL,'0'),(4004,'开卡申请列表',NULL,'applyCardList',NULL,NULL,1,'icon-rizhiguanli','views/applycard/applyCardList',121,'0','2018-10-13 09:21:05',NULL,'0'),(4005,'号码列表',NULL,'phoneList',NULL,NULL,1,'icon-rizhiguanli','views/phoneManage/phoneList',1,'0','2018-11-06 11:39:27','2018-12-17 09:29:22','1'),(4006,'套餐列表',NULL,'packageList',NULL,NULL,1,'icon-rizhiguanli','views/packageManage/packageList',20,'0','2018-11-06 11:39:58','2018-12-17 10:30:21','0'),(4007,'套餐详情',NULL,'','/packageManage/**','PUT',1,'icon-rizhiguanli','',1,'1','2018-11-06 11:40:21','2018-11-06 11:40:46','1'),(4008,'套餐详情',NULL,NULL,'/packageManage/**','PUT',4006,'icon-xitongguanli',NULL,1,'1','2018-11-06 11:41:17','2018-12-21 06:14:49','0'),(4009,'添加','package_add',NULL,'/packageManage/**','PUT',4006,'icon-xitongguanli',NULL,1,'1','2018-11-06 11:41:38','2018-12-21 06:14:49','0'),(4010,'操作','package_edit',NULL,'/packageManage/**','PUT',4006,'icon-xitongguanli',NULL,1,'1','2018-11-06 11:41:54','2018-12-21 06:14:49','0'),(4011,'数据录入',NULL,'commonList',NULL,NULL,1,'icon-rizhiguanli','views/commonImport/commonList',1,'0','2018-11-06 11:42:52',NULL,'0'),(4012,'导入详情',NULL,NULL,'/commonImport/**',NULL,4011,'icon-xitongguanli',NULL,1,'1','2018-11-06 11:43:34','2018-12-21 06:14:49','0'),(4013,'企业列表','','companyList',NULL,NULL,1,'icon-rizhiguanli','views/companyManage/companyList',1,'0','2018-11-06 11:44:19','2018-11-06 12:48:13','0'),(4014,'关联套餐',NULL,NULL,'/companyManage/**','PUT',4013,'icon-xitongguanli',NULL,1,'1','2018-11-06 11:45:06','2018-12-21 06:14:49','1'),(4015,'编辑企业','',NULL,'/companyManage/**','PUT',4013,'icon-xitongguanli',NULL,1,'1','2018-11-06 11:45:24','2018-12-21 06:14:49','1'),(4016,'编辑','company_update',NULL,'/companyManage/**','PUT',4013,'icon-xitongguanli',NULL,1,'1','2018-11-06 11:45:56','2018-12-21 06:14:49','0'),(4017,'新增','company_add',NULL,'/companyManage/**','PUT',4013,'icon-xitongguanli',NULL,1,'1','2018-11-06 11:46:08','2018-12-21 06:14:49','0'),(4018,'删除','company_del',NULL,'/companyManage/**','PUT',4013,'icon-xitongguanli',NULL,1,'1','2018-11-06 11:46:19','2018-12-21 06:14:49','0'),(4019,'关联套餐','company_package',NULL,'/companyManage/**','PUT',4013,'icon-xitongguanli',NULL,1,'1','2018-11-06 11:46:33','2018-12-21 06:14:49','0'),(4020,'关联套餐-菜单',NULL,NULL,'/companyManage/**',NULL,4013,'icon-xitongguanli',NULL,1,'1','2018-11-06 11:47:59','2018-12-21 06:14:49','0'),(4021,'编辑企业-菜单',NULL,NULL,'/companyManage/**',NULL,4013,'icon-xitongguanli',NULL,1,'1','2018-11-06 11:48:09','2018-12-21 06:14:49','0'),(4031,'客户经理|商户-首页',NULL,NULL,NULL,NULL,3000,'icon-yonghuguanli',NULL,1,'0','2018-12-17 02:53:04',NULL,'0'),(4037,'客户经理-我的',NULL,NULL,'/bi/app/my/businessUser','POST',4031,NULL,NULL,1,'1','2019-02-25 07:57:52','2019-02-25 07:58:28','0'),(4038,'商户-我的',NULL,NULL,'/bi/app/my/merchant','POST',4031,NULL,NULL,1,'1','2019-02-25 07:59:07',NULL,'0'),(4068,'经营分析',NULL,NULL,'/bi/app/operation/analysis','POST',4031,NULL,NULL,1,'1','2019-02-27 03:14:27','2019-02-27 03:16:56','0'),(4100,'首页',NULL,NULL,'/bi/app/client/homeInfo','POST',4031,'icon-xitongguanli',NULL,1,'1','2018-12-17 02:59:22','2018-12-21 06:14:49','0'),(4101,'客户经理-我的-企业',NULL,NULL,'/product/company/selectCompanyOpenCard','POST',4031,NULL,NULL,1,'1','2018-12-25 07:06:43','2018-12-25 07:33:18','0'),(4102,'客户经理-我的-开卡',NULL,NULL,'/marketing/rebate/**','POST',4031,NULL,NULL,1,'1','2018-12-25 07:33:11','2018-12-25 07:39:56','0'),(4103,'客户经理-获取提现资质',NULL,NULL,'/admin/managerCheck/getWithdrawInfo','POST',4031,NULL,NULL,1,'1','2018-12-25 08:00:36',NULL,'0'),(4104,'客户经理-修改提现账户',NULL,NULL,'/admin/managerCheck/updateWithdrawInfo','POST',4031,NULL,NULL,1,'1','2018-12-25 08:01:41',NULL,'0'),(4105,'商户-获取提现账户',NULL,NULL,'/admin/merchantCheck/getWithdrawInfo','POST',4031,NULL,NULL,1,'1','2018-12-25 08:03:38',NULL,'0'),(4106,'商户-修改提现账户',NULL,NULL,'/admin/merchantCheck/updateWithdrawInfo','POST',4031,NULL,NULL,1,'1','2018-12-25 08:04:15',NULL,'0'),(5000,'翼米网厅',NULL,NULL,NULL,NULL,1001,'icon-xitongguanli',NULL,1,NULL,'2018-12-06 06:17:56','2018-12-21 06:14:49','0'),(5100,'商品',NULL,NULL,NULL,NULL,5000,'icon-xitongguanli',NULL,1,'0','2018-12-20 11:52:42','2018-12-21 06:14:49','0'),(5101,'商品列表',NULL,NULL,'/shop/item/customer/list','POST',5100,'icon-xitongguanli',NULL,1,'1','2018-12-20 11:54:01','2018-12-21 06:14:49','0'),(5102,'商品详情',NULL,NULL,'/shop/item/customer/detail','POST',5100,'icon-xitongguanli',NULL,1,'1','2018-12-20 11:56:20','2018-12-21 06:14:49','0'),(5201,'商城订单',NULL,NULL,NULL,NULL,5000,'icon-xitongguanli',NULL,1,'0','2018-12-21 03:21:12','2018-12-21 06:14:49','0'),(5202,'生成订单',NULL,NULL,'/order/shopOrder/customer/create','POST',5201,'icon-xitongguanli',NULL,1,'1','2018-12-21 03:22:09','2018-12-21 06:14:49','0'),(5203,'支付订单',NULL,NULL,'/order/shopOrder/customer/pay','POST',5201,'icon-xitongguanli',NULL,1,'1','2018-12-21 03:22:47','2018-12-21 06:14:49','0'),(5204,'查看订单头信息',NULL,NULL,'/order/shopOrder/customer/detail','POST',5201,'icon-xitongguanli',NULL,1,'1','2018-12-21 03:23:31','2018-12-21 06:14:49','0'),(5205,'我的订单列表',NULL,NULL,'/order/shopOrder/customer/list','POST',5201,'icon-xitongguanli',NULL,1,'1','2018-12-21 03:24:49','2018-12-21 06:14:49','0'),(5212,'编辑订单-修改商品数量',NULL,NULL,'/order/shopOrder/customer/item/editNum','POST',5201,NULL,NULL,1,'0','2019-01-17 06:53:28',NULL,'0'),(5213,'编辑订单-删除商品',NULL,NULL,'/order/shopOrder/customer/item/del','POST',5201,NULL,NULL,1,'1','2019-01-17 06:54:33',NULL,'0'),(5214,'删除订单',NULL,NULL,'/order/shopOrder/customer/del','POST',5201,NULL,NULL,1,'1','2019-01-17 06:55:19','2019-01-17 07:37:47','0'),(5234,'查看订单详情',NULL,NULL,'/order/shopOrder/customer/detailById','POST',5201,NULL,NULL,1,'1','2019-03-07 10:28:51','2019-03-07 10:29:17','0'),(5300,'积分与钱包',NULL,NULL,NULL,NULL,5000,NULL,NULL,1,'0','2019-01-16 03:38:17',NULL,'0'),(5321,'获取当前用户可用积分和钱包余额',NULL,NULL,'/marketing/integral/rest/findCustomerIntegral','POST',5300,NULL,NULL,1,'1','2019-03-14 12:53:34','2019-03-16 02:08:43','0'),(5400,'我的',NULL,NULL,'/admin/customer/personalCenter','POST',5000,NULL,NULL,1,'0','2019-01-21 09:52:45','2019-02-21 02:26:48','0'),(5500,'产品收藏夹',NULL,NULL,NULL,'POST',5000,NULL,NULL,1,'0','2019-01-23 03:05:44',NULL,'0'),(5600,'产品购物车',NULL,NULL,NULL,'POST',5000,NULL,NULL,1,'0','2019-01-23 06:40:17',NULL,'0'),(5700,'产品订单',NULL,NULL,NULL,NULL,5000,NULL,NULL,1,'0','2019-01-24 09:37:07','2019-01-24 09:38:57','0'),(7510,'根据角色分页查询公告',NULL,NULL,'/bi/bulletin/pageByRole','POST',759,NULL,NULL,10,'1','2019-08-05 12:25:32','2019-08-05 12:26:25','1'),(7511,'根据角色分页查询公告',NULL,NULL,'/bi/bulletin/pageByRole','POST',75,NULL,NULL,11,'1','2019-08-05 12:27:20',NULL,'0'),(7512,'基础数据-显示所有标签-接口',NULL,NULL,'/bi/meta/bulletin/listLabels','GET',75,NULL,NULL,12,'1','2019-08-06 03:44:26','2019-08-06 06:34:08','0'),(7513,'基础数据-显示所有分类-接口',NULL,NULL,'/bi/meta/bulletin/listCategories','GET',75,NULL,NULL,13,'1','2019-08-06 03:45:13',NULL,'0'),(7514,'基础数据-显示发送对象-接口',NULL,NULL,'/bi/meta/bulletin/listReceivers','GET',75,NULL,NULL,14,'1','2019-08-06 03:45:59',NULL,'0'),(7515,'基础数据-显示所有状态-接口',NULL,NULL,'/bi/meta/bulletin/listStatus','GET',75,NULL,NULL,15,'1','2019-08-06 03:46:41','2019-08-06 03:47:00','0'),(11021,'普通开卡订单列表EXCEL',NULL,NULL,'/product/applycard/applyPnumberList/excel','GET',30022001,NULL,NULL,1,'1','2019-08-01 07:55:20',NULL,'0'),(15010,'电信产品列表',NULL,NULL,NULL,'POST',1501,'icon-xitongguanli',NULL,1,'1','2018-08-08 06:42:51','2018-12-21 06:14:41','1'),(15011,'电信返积分参数列表',NULL,NULL,NULL,'POST',1501,'icon-xitongguanli',NULL,1,'1','2018-08-08 06:43:28','2018-12-21 06:14:49','1'),(15012,'电信返佣参数列表',NULL,NULL,NULL,NULL,1501,'icon-xitongguanli',NULL,17,'1','2018-08-08 06:44:19','2018-12-21 06:14:49','1'),(20142,'微信与平台用户绑定',NULL,NULL,'/admin/wxauth/*','POST',2014,NULL,NULL,1,'1','2019-01-14 07:55:20','2019-01-23 01:36:24','0'),(20144,'支付宝与平台用户绑定',NULL,NULL,'/admin/aliauth/*','POST',2014,NULL,NULL,1,'1','2019-02-26 05:55:54','2019-03-20 13:38:54','0'),(30003,'佣金与钱包','',NULL,'','POST',3000,NULL,NULL,1,'0','2018-12-25 08:23:44','2018-12-25 08:25:02','0'),(30004,'开卡邀请',NULL,NULL,NULL,NULL,3000,NULL,NULL,1,'0','2018-12-26 02:54:52',NULL,'0'),(30005,'商户功能','','','','',3000,'','',1,'0','2018-12-28 05:43:14','2018-12-28 07:36:41','0'),(30006,'其它功能',NULL,NULL,NULL,NULL,3000,NULL,NULL,1,'0','2019-01-03 03:13:33',NULL,'0'),(30007,'订单相关',NULL,NULL,NULL,NULL,3000,NULL,NULL,1,'0','2019-06-05 01:40:10',NULL,'0'),(30008,'号池相关',NULL,NULL,NULL,NULL,3000,NULL,NULL,1,'0','2019-07-08 05:37:25',NULL,'0'),(30009,'优惠券需求相关',NULL,NULL,NULL,NULL,3000,NULL,NULL,1,'0','2019-09-02 03:50:11',NULL,'0'),(30035,'查询当前用户的套餐',NULL,NULL,'/product/mobilePackage/selectByCurrentBuser','POST',30004,NULL,NULL,1,'1','2019-06-02 07:18:17',NULL,'0'),(30042,'电信产品管理',NULL,'/product',NULL,NULL,3004,'icon-rizhiguanli',NULL,2,'0','2018-12-18 13:06:00','2018-12-18 13:06:09','0'),(30043,'产品购物车',NULL,NULL,'/product/productCart/**','POST',3004,NULL,NULL,1,'1','2019-03-20 07:16:58','2019-03-20 07:18:49','0'),(30044,'产品收藏夹',NULL,NULL,'/product/productFavorite/**','POST',3004,NULL,NULL,1,'1','2019-03-20 07:17:49','2019-03-20 07:18:52','0'),(30045,'产品库存',NULL,NULL,'/product/productStock/**','POST',3004,NULL,NULL,1,'1','2019-03-20 07:20:06',NULL,'0'),(30046,'产品库存详情',NULL,NULL,'/product/productStockDetail/**','POST',3004,NULL,NULL,1,'1','2019-03-20 07:20:34',NULL,'0'),(30047,'淘宝app活动','','','','POST',3004,'icon-xitongguanli','',2,'0','2019-04-29 08:17:37','2019-05-14 06:13:15','0'),(30048,'车贷产品列表',NULL,NULL,NULL,'POST',3004,NULL,NULL,8,'0','2019-05-20 07:01:06','2019-05-20 07:03:38','1'),(30049,'审核',NULL,NULL,NULL,'POST',3004,'icon-xitongguanli',NULL,4,'0','2019-05-17 02:59:48','2019-05-17 03:00:16','0'),(30051,'一级标签，二级标签',NULL,NULL,'/admin/label/**','POST',3005,'icon-xitongguanli',NULL,1,'1','2018-12-17 09:34:32','2018-12-21 06:14:49','1'),(30052,'C端用户列表',NULL,'cperson','/admin/customer/**','POST',3005,'icon-xitongguanli','views/person/cperson/index',1,'0','2018-12-17 09:37:15','2018-12-21 06:14:49','1'),(30053,'省市获取',NULL,NULL,'/admin/area/**','GET',3005,'icon-xitongguanli',NULL,1,'1','2018-12-17 09:39:11','2018-12-21 06:14:49','0'),(30054,'获取地区资质',NULL,NULL,'/admin/area/**','POST',3005,'icon-xitongguanli',NULL,1,'1','2018-12-17 09:55:45','2018-12-21 06:14:49','1'),(30055,'获取资质项',NULL,NULL,'/admin/codeTable/**','GET',3005,'icon-xitongguanli',NULL,1,'1','2018-12-17 09:54:22','2018-12-21 06:14:49','1'),(30056,'个性资质',NULL,NULL,'/admin/personCheck/**','POST',3005,'icon-xitongguanli',NULL,1,'1','2018-12-17 09:56:31','2018-12-21 06:14:49','1'),(30057,'客户经理列表',NULL,NULL,'/admin/businessUser/**','POST',3005,'icon-xitongguanli',NULL,1,'1','2018-12-17 10:09:23','2018-12-21 06:14:49','1'),(30058,'客户经理类型列表',NULL,NULL,'/admin/managerCheck/**','POST',3005,'icon-xitongguanli',NULL,1,'1','2018-12-17 10:11:10','2018-12-21 06:14:49','1'),(30059,'商户类型列表',NULL,NULL,'/admin/merchantCheck/**','POST',3005,'icon-xitongguanli',NULL,1,'1','2018-12-17 10:12:05','2018-12-21 06:14:49','1'),(30061,'电信参数管理',NULL,'/params','',NULL,3006,'icon-xitongguanli','',1,'0','2018-12-17 03:04:22','2019-04-22 09:03:34','0'),(30062,'营销管理',NULL,NULL,'',NULL,3006,'icon-xitongguanli',NULL,2,'0','2018-12-17 03:08:21','2019-05-13 09:43:58','1'),(30063,'返利&返佣管理',NULL,'','/marketing/params/**','POST',3006,'icon-xitongguanli','',3,'0','2018-12-17 13:59:49','2018-12-18 12:42:07','0'),(30064,'录入管理',NULL,NULL,NULL,NULL,3006,'icon-xitongguanli',NULL,4,'0','2018-12-18 12:40:12','2018-12-18 12:45:58','0'),(30065,'统计',NULL,NULL,NULL,NULL,3006,'icon-xitongguanli',NULL,5,'0','2018-12-18 12:44:10','2018-12-18 12:46:08','0'),(30066,'佣金与钱包',NULL,NULL,'','POST',3006,NULL,NULL,6,'0','2018-12-24 10:07:38','2018-12-24 10:08:33','0'),(30067,'积分与钱包',NULL,NULL,NULL,NULL,3006,'icon-xitongguanli',NULL,1,'0','2019-01-16 05:40:32','2019-05-13 09:43:51','1'),(30068,'参数明细管理',NULL,NULL,NULL,NULL,3006,'icon-xitongguanli',NULL,1,'0','2019-04-22 03:01:37','2019-04-22 03:04:07','0'),(30069,'融宽订单短信名单配置',NULL,'/product/mixBroad/order/msgSettingList','/product/broadbandProcessor/back/page','POST',3006,'icon-xitongguanli',NULL,1,'0','2019-07-29 11:40:09',NULL,'0'),(33201,'获取当前客户经理已填写渠道类型',NULL,NULL,'/admin/companyType/app/getAddition','POST',3320,NULL,NULL,1,'1','2019-04-17 03:12:40',NULL,'0'),(33202,'根据城市获得渠道类型下拉列表',NULL,NULL,'/admin/companyType/getByCityCode','POST',3320,NULL,NULL,1,'1','2019-04-17 03:15:54',NULL,'0'),(34400,'客户经理管理商户',NULL,'/merchantManage',NULL,NULL,3005400,NULL,'views/person/manager/MerchantManage',7,'0','2019-08-05 03:15:03','2019-08-05 03:17:38','0'),(34401,'客户经理数据商户列表API',NULL,NULL,'/product/companyPoolPackage/getMerchantRelateCnpDetailPage','POST',3005400,NULL,NULL,1,'1','2019-08-07 06:29:14',NULL,'0'),(34402,'客户经理数据商户列表Excel导出API',NULL,NULL,'/product/companyPoolPackage/merchantRelateCnpDetail/excel','GET',3005400,NULL,NULL,1,'1','2019-08-07 06:31:41',NULL,'0'),(53001,'客户积分/钱包流水分页列表',NULL,NULL,'/marketing/integralDetail/app/page','POST',5300,NULL,NULL,1,'1','2019-01-16 03:39:34',NULL,'0'),(53002,'获取当前客户可用积分',NULL,NULL,'/marketing/integral/app/selectUsable','POST',5300,NULL,NULL,1,'1','2019-01-16 03:41:06',NULL,'0'),(53003,'获取当前用户钱包余额',NULL,NULL,'/marketing/integral/app/selectWalletAmount','POST',5300,NULL,NULL,1,'1','2019-01-16 03:41:45',NULL,'0'),(54001,'个人信息查看',NULL,NULL,'/admin/customer/personalInfo','POST',5400,NULL,NULL,1,'1','2019-01-21 11:33:41','2019-01-21 11:33:47','0'),(54002,'个人信息修改',NULL,NULL,'/admin/customer/updatePersonalInfo','POST',5400,NULL,NULL,1,'1','2019-01-21 09:53:45',NULL,'0'),(54003,'修改密码',NULL,NULL,'/admin/customer/changePsw','POST',5400,NULL,NULL,1,'1','2019-02-22 07:22:00',NULL,'0'),(55001,'产品收藏夹-查看',NULL,NULL,'/product/productFavorite/page','POST',5500,NULL,NULL,1,'1','2019-01-23 03:06:38',NULL,'0'),(55002,'产品收藏夹-添加',NULL,NULL,'/product/productFavorite/add','POST',5500,NULL,NULL,1,'1','2019-01-23 03:06:57',NULL,'0'),(55003,'产品收藏夹-删除',NULL,NULL,'/product/productFavorite/delete','POST',5500,NULL,NULL,1,'1','2019-01-23 03:07:14',NULL,'0'),(56001,'产品购物车-查看',NULL,NULL,'/product/productCart/page','POST',5600,NULL,NULL,1,'1','2019-01-23 06:40:41',NULL,'0'),(56002,'产品购物车-添加',NULL,NULL,'/product/productCart/add','POST',5600,NULL,NULL,1,'1','2019-01-23 06:41:55',NULL,'0'),(56003,'产品购物车-修改数量',NULL,NULL,'/product/productCart/update','POST',5600,NULL,NULL,1,'1','2019-01-23 06:42:23',NULL,'0'),(56004,'产品收藏夹-删除',NULL,NULL,'/product/productCart/delete','POST',5600,NULL,NULL,1,'1','2019-01-23 07:30:18',NULL,'0'),(57001,'产品订单-翼米网厅-分页列表',NULL,NULL,'/order/productOrder/front/page','POST',5700,NULL,NULL,1,'1','2019-01-24 09:37:57','2019-01-24 09:38:18','0'),(57002,'产品订单-翼米网厅-详情',NULL,NULL,'/order/productOrder/front/detail','POST',5700,NULL,NULL,1,'1','2019-01-24 09:38:41','2019-01-24 09:38:48','0'),(123456,'商品剩余查询',NULL,NULL,'/shop/itemInventory/unusedCode','POST',3100,'icon-xitongguanli',NULL,1,'1','2018-12-20 08:30:59','2019-01-11 06:57:21','0'),(300031,'佣金账户转钱包账户',NULL,NULL,'/marketing/commission/exchange','POST',30003,NULL,NULL,1,'1','2018-12-25 08:25:32',NULL,'0'),(300032,'钱包提现申请',NULL,NULL,'/marketing/convert/withdraw/apply','POST',30003,NULL,NULL,1,'1','2018-12-25 08:26:02',NULL,'0'),(300033,'用户佣金/钱包流水分页列表',NULL,NULL,'/marketing/commissionDetail/app/page','POST',30003,NULL,NULL,1,'1','2018-12-27 03:21:03','2019-01-03 10:02:19','0'),(300034,'用户佣金/钱包明细分页列表',NULL,NULL,'/marketing/commissionDetail/micoinDetailList','POST',30003,NULL,NULL,1,'1','2019-01-14 15:06:37','2019-01-16 07:17:43','1'),(300035,'获取用户当前佣金',NULL,NULL,'/marketing/commission/getTotalCommission','POST',30003,NULL,NULL,1,'1','2019-01-14 15:06:52','2019-01-15 08:32:43','0'),(300036,'获取用户当前余额',NULL,NULL,'/marketing/commission/getWalletAmount','POST',30003,NULL,NULL,2,'1','2019-01-15 12:54:16','2019-01-15 12:54:54','0'),(300041,'个人推荐开卡',NULL,NULL,'/marketing/openCardRelation/personalIntroduce','POST',30004,NULL,NULL,1,'1','2018-12-26 02:55:21','2018-12-29 02:40:49','1'),(300042,'企业推荐开卡',NULL,NULL,'/marketing/openCardRelation/companyIntroduce','POST',30004,NULL,NULL,1,'1','2018-12-26 02:55:45','2018-12-26 02:57:50','0'),(300043,'商户三级分销邀请注册二维码',NULL,NULL,'/admin/businessUser/registerIntroduce','POST',30004,NULL,NULL,1,NULL,'2018-12-28 10:01:45','2019-03-11 09:36:51','0'),(300044,'当前Buser三级分销关系查询',NULL,NULL,'/marketing/saleRelation/connectPage','POST',30004,NULL,NULL,1,'1','2019-01-03 09:11:47','2019-01-03 09:13:24','0'),(300045,'商户二级分销邀请注册码',NULL,NULL,'/admin/businessUser/registerIntroduce2','POST',30004,NULL,NULL,1,'1','2019-03-11 09:37:28','2019-03-11 09:40:48','0'),(300046,'当前Buser二级分销关系查询',NULL,NULL,'/marketing/businessRelation/merchantlist','POST',30004,NULL,NULL,1,'1','2019-03-11 09:38:43',NULL,'0'),(300047,'查询二级分销下属商户开卡及返佣',NULL,NULL,'/marketing/rebate/commissionLog/selectChildrenMerchantComm','POST',30004,NULL,NULL,1,'1','2019-03-11 09:54:58',NULL,'0'),(300048,'查询开卡详情','',NULL,'/product/applycard/detail','POST',30004,NULL,NULL,1,'1','2019-05-25 03:30:18','2019-05-25 03:31:16','0'),(300049,'开卡分页列表',NULL,NULL,'/product/applycard/page','POST',30004,NULL,NULL,1,'1','2019-06-17 07:52:09',NULL,'0'),(300051,'门店','','','','',30005,'','',1,'0','2018-12-28 05:43:38','2018-12-28 07:35:07','0'),(300061,'意见反馈',NULL,NULL,'/other/feedback/commit','POST',30006,NULL,NULL,1,'1','2019-01-03 12:14:46','2019-01-03 12:19:13','0'),(300062,'站内消息',NULL,NULL,'/other/message/*','POST',30006,NULL,NULL,1,'1','2019-01-04 07:50:36',NULL,'0'),(300063,'根据公司主键查询所有可用套餐',NULL,NULL,'/product/mobilePackage/selectByCompanyId','POST',30006,NULL,NULL,1,'1','2019-05-25 03:40:56',NULL,'0'),(300064,'生成卡号线下激活url',NULL,NULL,'/product/applycard/app/buser/cardActiveOfflineUrl','POST',30006,NULL,NULL,1,'1','2019-08-01 09:27:36',NULL,'0'),(300071,'宽带订单API','',NULL,'/product/broadbandOrder/app/buser/*','POST',30007,NULL,NULL,1,'1','2019-06-05 01:40:47','2019-06-05 01:42:39','0'),(300072,'宽带预约API',NULL,NULL,'/product/broadbandAppointment/app/buser/*','POST',30007,NULL,NULL,1,'1','2019-06-06 03:14:53',NULL,'0'),(300073,'宽带渠道API',NULL,NULL,'/product/broadbandCompany/app/*','POST',30007,NULL,NULL,1,'1','2019-07-08 02:02:43','2019-07-08 02:05:56','0'),(300074,'融宽订单API',NULL,NULL,'/product/mixOrder/app/buser/*','POST',30007,NULL,NULL,1,'1','2019-07-19 06:42:59',NULL,'0'),(300075,'融宽渠道API',NULL,NULL,'/product/mixCompany/app/*','POST',30007,NULL,NULL,1,'1','2019-07-19 06:43:26',NULL,'0'),(300076,'政企换套申请单API',NULL,NULL,'/product/chankageApply/app/buser/*','POST',30007,NULL,NULL,1,'1','2019-08-18 03:21:05','2019-08-18 03:21:47','0'),(300077,'优惠券产品订单API',NULL,NULL,'/order/couponductOrder/app/buser/*','POST',30007,NULL,NULL,1,'1','2019-09-02 01:35:47',NULL,'0'),(300081,'虚拟号池客户经理API',NULL,NULL,'/product/virtualPoolBuser/app/manager/*','POST',30008,NULL,NULL,1,'1','2019-07-08 05:41:25',NULL,'0'),(300082,'号码-客户经理API',NULL,NULL,'/product/pnumbertemp/app/manager/*','POST',30008,NULL,NULL,1,'1','2019-07-08 07:00:20','2019-07-08 07:03:00','0'),(300083,'调拨记录API',NULL,NULL,'/product/virtualPoolBuser/app/assginLog/*','POST',30008,NULL,NULL,1,'1','2019-07-09 03:22:19','2019-07-09 03:43:59','0'),(300091,'优惠券模板API',NULL,NULL,'/product/couponTemplate/app/buser/*','POST',30009,NULL,NULL,1,'1','2019-09-02 03:51:59',NULL,'0'),(300093,'优惠券具体券API',NULL,NULL,'/product/coupon/app/buser/*','POST',30009,NULL,NULL,1,'1','2019-09-02 03:52:32',NULL,'0'),(300410,'操作日志分页列表API',NULL,NULL,'/product/operationLog/page','POST',3004,NULL,NULL,1,'1','2019-05-21 07:57:55',NULL,'0'),(300411,'通用开关',NULL,NULL,NULL,NULL,3004,'icon-xitongguanli',NULL,1,'0','2019-05-30 09:51:59','2019-08-08 07:50:54','0'),(300412,'宽带系列',NULL,NULL,NULL,NULL,3004,'icon-xitongguanli',NULL,1,'0','2019-05-30 09:59:52','2019-07-15 06:20:54','0'),(300413,'虚拟号池相关',NULL,NULL,'',NULL,3004,'icon-xitongguanli',NULL,1,'0','2019-07-05 02:39:44','2019-07-15 06:21:03','0'),(300414,'融合宽带相关',NULL,NULL,'','',3004,'icon-xitongguanli','',1,'0','2019-07-15 02:24:59','2019-07-15 02:29:13','0'),(300415,'融宽套餐列表',NULL,'/mixPackage',NULL,NULL,300414,'icon-xitongguanli','views/person/manager/MixPackagePage',1,'0','2019-07-24 08:26:43','2019-07-24 08:28:26','0'),(300416,'政企换套系列',NULL,NULL,NULL,NULL,3004,NULL,NULL,1,'0','2019-08-12 03:14:27',NULL,'0'),(300417,'优惠券相关',NULL,NULL,NULL,NULL,3004,NULL,NULL,1,'0','2019-08-29 03:46:09',NULL,'0'),(300421,'电信产品列表',NULL,'/productList','/product/telcom/getAllPoducts','POST',30042,'icon-rizhiguanli','/views/product/products',1,'0','2018-12-18 13:06:40','2018-12-18 13:08:11','0'),(300422,'后台管理产品API',NULL,NULL,'/product/telecom/*','POST',30042,NULL,NULL,1,'1','2019-05-25 03:49:59',NULL,'0'),(300423,'获取关联用户集合',NULL,NULL,'admin/customerIntegral/findPage',NULL,300421,NULL,NULL,1,NULL,'2018-12-26 11:28:12','2018-12-26 11:33:28','1'),(300424,'融宽套餐审核列表',NULL,'/mixAudit',NULL,NULL,300414,'icon-xitongguanli','views/person/manager/MixPackageAudit',2,'0','2019-08-08 07:46:48','2019-08-08 07:48:35','0'),(300425,'审核电信产品列表',NULL,'/auditProductList','/product/telcom/getAllPoducts','POST',30042,'icon-rizhiguanli',NULL,1,'0','2019-08-08 10:58:31','2019-08-08 10:58:49','0'),(300471,'淘宝app活动-后台管理api','',NULL,'/product/tbAppActivity/back/**','POST',30047,NULL,NULL,1,'1','2019-04-29 08:18:17','2019-04-30 05:58:13','0'),(300472,'淘宝app活动-翼米助手api','',NULL,'/product/tbAppActivity/app/**','POST',30047,NULL,NULL,1,'1','2019-04-29 08:19:04','2019-04-30 05:58:20','0'),(300473,'淘宝app活动-后台管理下载Excel',NULL,NULL,'/product/tbAppActivity/back/**','GET',30047,NULL,NULL,1,'1','2019-07-15 10:00:04','2019-07-26 06:10:24','0'),(300491,'开卡赠款包审核列表',NULL,'/auditOpenCardList',NULL,'POST',30049,'icon-rizhiguanli',NULL,1,'0','2019-05-17 03:01:30','2019-05-17 03:02:11','0'),(300492,'充值赠款包审核列表',NULL,'/auditRechargeList',NULL,'POST',30049,'icon-rizhiguanli',NULL,2,'0','2019-05-17 03:01:56','2019-05-17 03:02:14','0'),(300510,'商品类型列表',NULL,NULL,'/admin/codeTable/**','POST',3005,'icon-xitongguanli',NULL,1,'1','2018-12-17 10:13:00','2018-12-21 06:14:49','0'),(300511,'商户关联用户',NULL,NULL,'/admin/businessOrder/**','POST',3005,'icon-xitongguanli',NULL,1,NULL,'2018-12-17 10:13:40','2018-12-21 06:14:49','1'),(300512,'C端用户标签管理',NULL,'tag',NULL,NULL,3005,'icon-xitongguanli','views/person/tag/index',1,'0','2018-12-17 11:10:33','2018-12-21 06:14:49','1'),(300611,'电信返积分参数列表',NULL,'/getAllBkIntegralParams','/marketing/backIntegralParam/page','POST',30061,'icon-xitongguanli',NULL,1,'0','2018-12-17 03:05:55','2019-04-22 09:15:14','0'),(300612,'电信二级分销返佣参数列表',NULL,'/secondlist','/marketing/params/distribution/getDistributeParams','POST',30061,'icon-xitongguanli',NULL,3,'0','2018-12-17 03:06:35','2018-12-17 10:31:40','0'),(300613,'电信三级分销返佣参数列表',NULL,'/getDistributeParams','/marketing/params/distribution/getDistributeParams','POST',30061,'icon-xitongguanli','views/marketing/params/distribution/index',4,'0','2018-12-17 03:07:20','2018-12-17 12:43:22','0'),(300614,'电信后续充返参数列表',NULL,NULL,NULL,'POST',30061,'icon-xitongguanli',NULL,2,'0','2019-04-10 02:51:42','2019-04-10 02:51:51','0'),(300615,'返佣规则API',NULL,NULL,'/marketing/params/distribution/**','POST',30061,NULL,NULL,1,'1','2019-04-22 07:30:10',NULL,'0'),(300616,'返利规则API',NULL,NULL,'/marketing/backIntegralParam/**','POST',30061,NULL,NULL,1,'1','2019-04-22 07:30:41',NULL,'0'),(300617,'返积分规则关联标签API',NULL,NULL,'/admin/customerIntegralParam/labelConnect/**','POST',30061,NULL,NULL,8,'1','2019-05-09 08:48:04',NULL,'0'),(300621,'电信分销返佣列表',NULL,'/distributionRebateList','/marketing/openCardRelation/distributionRebateList','POST',30062,'icon-xitongguanli',NULL,1,'0','2018-12-17 03:09:01','2019-05-13 09:43:58','1'),(300622,'号码管理',NULL,'',NULL,NULL,3004,'icon-xitongguanli','',1,'0','2018-12-17 09:08:15','2018-12-21 06:13:04','1'),(300623,'号码列表',NULL,'phoneList',NULL,NULL,1,'icon-rizhiguanli','views/phoneManage/phoneList',1,'0','2018-12-17 09:29:08','2018-12-21 02:32:12','1'),(300624,'电信开卡套餐管理',NULL,NULL,NULL,NULL,3004,'icon-xitongguanli',NULL,2,'0','2018-12-17 09:46:28','2018-12-17 13:27:33','1'),(300631,'返佣信息列表',NULL,'/rebateList',NULL,NULL,30063,'icon-xitongguanli',NULL,1,'0','2018-12-18 12:43:29','2018-12-18 12:47:47','0'),(300632,'返利信息列表',NULL,'/integralList','/marketing/params/getBkIntegralList',NULL,30063,'icon-xitongguanli',NULL,2,'0','2019-01-04 02:46:26','2019-01-04 02:46:34','0'),(300634,'返利记录API',NULL,NULL,'/marketing/backIntegralParam/**','POST',30063,NULL,NULL,1,'1','2019-04-16 01:43:38','2019-04-22 07:30:17','0'),(300641,'平台信息录入历史',NULL,NULL,NULL,NULL,30064,'icon-xitongguanli',NULL,1,'0','2018-12-18 12:43:56','2018-12-18 12:46:04','0'),(300651,'开卡统计',NULL,NULL,NULL,NULL,30065,'icon-xitongguanli',NULL,1,'0','2018-12-18 12:44:27','2018-12-18 12:46:11','0'),(300661,'佣金/钱包账户分页列表',NULL,NULL,'/marketing/commission/page','POST',30066,NULL,NULL,1,'1','2018-12-24 10:08:53','2018-12-27 03:20:19','0'),(300662,'佣金/钱包单用户流水分页列表',NULL,NULL,'/marketing/commissionDetail/vue/page','POST',30066,NULL,NULL,1,'1','2018-12-27 03:20:09','2018-12-27 03:21:13','0'),(300671,'积分/钱包账户分页列表',NULL,NULL,'/marketing/integral/page','POST',30067,NULL,NULL,1,'1','2019-01-16 05:43:02','2019-05-13 09:43:51','1'),(300672,'积分/钱包单用户流水分页列表',NULL,NULL,'/marketing/integralDetail/vue/page','POST',30067,NULL,NULL,1,'1','2019-01-16 05:43:58','2019-05-13 09:43:51','1'),(300681,'电信返积分明细列表',NULL,'/bkIntegralRecord',NULL,NULL,30068,'icon-xitongguanli',NULL,1,'0','2019-04-22 03:03:16','2019-04-22 03:04:03','0'),(300682,'电信后续充返明细列表',NULL,'/rechargeDetailList',NULL,NULL,30068,'icon-xitongguanli',NULL,2,'0','2019-04-22 03:07:09','2019-04-22 08:14:18','0'),(300683,'电信二级分销返佣明细列表','','/secondRebateList',NULL,NULL,30068,'icon-xitongguanli',NULL,3,'0','2019-04-22 03:14:36','2019-04-22 03:14:54','0'),(300684,'电信三级分销返佣明细列表','','/distributionRebateList','/marketing/openCardRelation/**','POST',30068,'icon-xitongguanli',NULL,4,'0','2019-04-22 03:15:22','2019-04-22 03:15:35','0'),(300691,'新增短信名单配置',NULL,NULL,'/product/broadbandProcessor/back/add','POST',30069,'icon-xitongguanli',NULL,1,'1','2019-07-29 11:40:09',NULL,'0'),(300692,'删除短信名单配置',NULL,NULL,'/product/broadbandProcessor/back/delete','POST',30069,'icon-xitongguanli',NULL,1,'1','2019-07-29 11:40:09',NULL,'0'),(300693,'获取短信名单总配置',NULL,NULL,'/product/broadbandProcessor/back/getSmsSendConfig','POST',30069,'icon-xitongguanli',NULL,1,'1','2019-07-29 11:40:09',NULL,'0'),(300694,'保存短信名单总配置',NULL,NULL,'/product/broadbandProcessor/back/updateSmsSendConfig','POST',30069,'icon-xitongguanli',NULL,1,'1','2019-07-29 11:40:09',NULL,'0'),(301001,'获取渠道下的号池和套餐API',NULL,NULL,'/product/companyPoolPackage/getPoolAndPackageByCompany','GET',3010,NULL,NULL,1,'1','2019-08-01 09:06:15',NULL,'0'),(301002,'确认关联渠道号池套餐API',NULL,NULL,'/admin/businessUser/companyNumpoolPackage/assureRelate','POST',3010,NULL,NULL,1,'1','2019-08-02 02:44:40','2019-08-03 03:30:10','0'),(301003,'渠道列表查看套餐详情API',NULL,NULL,'/product/companyPoolPackage/getPackages','GET',3010,NULL,NULL,1,'1','2019-08-03 03:30:00','2019-08-05 08:59:42','0'),(301004,'查询商户关联的渠道号池套餐API',NULL,NULL,'/product/companyPoolPackage/manager/getMerchantRelateCnp','GET',3010,NULL,NULL,1,'1','2019-08-03 08:34:02','2019-08-05 01:54:03','0'),(301005,'修改商户关联的渠道号池套餐API',NULL,NULL,'/product/companyPoolPackage/updateMerchantRelateCnp','POST',3010,NULL,NULL,1,'1','2019-08-03 09:58:08','2019-08-03 09:59:05','0'),(500009,'其它',NULL,NULL,NULL,NULL,5000,NULL,NULL,1,'0','2019-05-25 03:44:03',NULL,'0'),(500010,'套餐',NULL,NULL,NULL,NULL,5000,NULL,NULL,1,'0','2019-05-25 03:35:16',NULL,'0'),(500011,'产品','',NULL,NULL,NULL,5000,NULL,NULL,1,'0','2019-02-21 12:34:11','2019-02-21 12:34:38','0'),(500012,'消息',NULL,NULL,NULL,NULL,5000,NULL,NULL,1,'0','2019-03-04 03:02:27',NULL,'0'),(500013,'付款二维码',NULL,NULL,'/order/qrCodeOrder/generateQRCodeContent','POST',5000,NULL,NULL,1,'1','2019-03-12 02:28:23','2019-03-13 07:11:00','1'),(500014,'宽带相关',NULL,NULL,NULL,NULL,5000,NULL,NULL,1,'0','2019-05-30 10:03:37',NULL,'0'),(500015,'优惠券需求相关',NULL,NULL,NULL,NULL,5000,NULL,NULL,1,'0','2019-09-02 03:36:46','2019-09-02 03:37:44','0'),(500016,'个人中心-可用优惠券数量Api',NULL,NULL,'/product/coupon/findCustomerCouponNum','POST',500015,NULL,NULL,1,NULL,'2019-09-04 01:42:52','2019-09-04 02:22:32','0'),(500018,'登录时关联客户与推荐人',NULL,NULL,'/order/couponductCustomer/save','POST',500011,NULL,NULL,1,'1','2019-09-02 12:11:23','2019-09-05 01:21:35','0'),(2001100,'平台运维管理',NULL,NULL,NULL,NULL,2001,'icon-jiaoseguanli',NULL,1,'0','2019-04-10 01:50:07','2019-04-11 01:30:04','0'),(2001101,'号池同步',NULL,'/NumSync',NULL,NULL,2001100,'icon-jiaoseguanli','/views/operation/NumSync',1,'0','2019-04-10 01:52:07','2019-04-11 01:30:15','0'),(2001102,'号码预占',NULL,'/NumHold',NULL,NULL,2001100,'icon-jiaoseguanli','/views/operation/NumHold',1,'0','2019-04-10 01:53:12','2019-04-10 01:56:09','0'),(2001103,'角色删除',NULL,'/roleDel',NULL,NULL,2001100,'icon-jiaoseguanli','/views/operation/RoleDel',3,'0','2019-05-21 07:56:31','2019-05-21 07:56:42','0'),(3000511,'未认领门店分页列表','','','/admin/store/page','POST',300051,'','',1,'1','2018-12-28 05:44:30','2018-12-28 07:34:05','0'),(3000512,'门店认领','','','/admin/store/connect','POST',300051,'','',1,'1','2018-12-28 05:44:56','2018-12-28 07:34:07','0'),(3000901,'券码识别,判断使用状态Api',NULL,NULL,'/product/coupon/couponStatus','POST',30009,NULL,NULL,1,'1','2019-09-04 05:49:15','2019-09-05 03:13:56','0'),(3000905,'券码核销Api',NULL,NULL,'/product/coupon/consume','POST',30009,NULL,NULL,1,'1','2019-09-04 06:02:31','2019-09-05 03:14:00','0'),(3001013,'更新客户经理权限',NULL,NULL,'/admin/managerCheck/updateChankageFlag','POST',300540022,NULL,NULL,1,'1','2019-08-21 03:36:48',NULL,'0'),(3002100,'商城订单管理',NULL,'',NULL,NULL,3002,'icon-xitongguanli','',1,'0','2018-12-18 09:04:32','2018-12-21 06:14:49','0'),(3002101,'订单列表',NULL,'/shoporderlist','/order/shopOrder/list','POST',3002100,'icon-xitongguanli','views/order/shoporder/shoporderlist',1,'0','2018-12-18 09:17:27','2018-12-21 06:14:49','0'),(3002102,'订单设置',NULL,'/shoporderset',NULL,NULL,3002100,'icon-xitongguanli','views/order/shoporder/shoporderset',3,'0','2018-12-18 09:18:32','2018-12-21 06:14:49','0'),(3002111,'订单详情',NULL,NULL,'/order/shopOrder/detail','POST',3002100,'icon-xitongguanli',NULL,2,'1','2018-12-20 12:48:38','2018-12-21 06:14:49','0'),(3002118,'下载套餐变更订单证件照',NULL,NULL,'/product/mixOrder/downloadIdCardPhoto','GET',300220021,NULL,NULL,4,'1','2019-08-21 03:15:29',NULL,'0'),(3002200,'中国电信订单管理',NULL,NULL,NULL,NULL,3002,'icon-xitongguanli',NULL,2,'0','2018-12-18 09:05:20','2018-12-21 06:14:49','0'),(3002201,'开卡订单',NULL,'/openorderlist',NULL,NULL,3002200,'icon-xitongguanli','views/order/ctorder/openorderlist',1,'0','2018-12-18 09:19:32','2018-12-21 06:14:49','0'),(3002202,'充值订单列表',NULL,'/addorderlist',NULL,NULL,3002200,'icon-xitongguanli','views/order/ctorder/addorderlist',1,'0','2018-12-18 09:20:10','2018-12-21 06:14:49','0'),(3002203,'产品订单所有api',NULL,NULL,'/order/productOrder/**','POST',3002200,'icon-xitongguanli',NULL,1,'1','2018-12-19 06:30:42','2018-12-21 06:14:49','0'),(3002300,'面对面扫码订单',NULL,NULL,NULL,NULL,3002,'icon-xitongguanli',NULL,1,'0','2018-12-21 02:18:38','2018-12-21 06:14:49','0'),(3002301,'生成用户二维码',NULL,NULL,'/order/qrCodeOrder/generateQRCodeContent','POST',3002300,'icon-xitongguanli',NULL,1,'1','2018-12-21 02:20:49','2018-12-21 06:14:49','0'),(3002302,'商户扫描用户二维码点击收款',NULL,NULL,'/order/qrCodeOrder/buildOrder','POST',3002300,'icon-xitongguanli',NULL,1,'1','2018-12-21 02:21:26','2018-12-21 06:14:49','0'),(3002303,'翼米网厅-扫码订单分页列表',NULL,NULL,'/order/qrCodeOrder/app/page','POST',3002300,NULL,NULL,1,'1','2019-03-11 08:20:08',NULL,'0'),(3002304,'商户检查客户二维码是否正确',NULL,NULL,'/order/qrCodeOrder/check','POST',3002300,NULL,NULL,1,'1','2019-03-14 12:50:39',NULL,'0'),(3002311,'面对面扫码订单分页列表',NULL,NULL,'/order/qrCodeOrder/page','POST',3002300,'icon-xitongguanli',NULL,1,'1','2018-12-21 02:23:06','2018-12-21 06:14:49','0'),(3002400,'钱包充值订单',NULL,NULL,'/order/walletRechargeOrder/*','POST',3002,NULL,NULL,1,'1','2019-03-11 07:53:47',NULL,'0'),(3002500,'优惠券产品订单相关',NULL,NULL,NULL,NULL,3002,NULL,NULL,1,'0','2019-09-05 10:16:30',NULL,'0'),(3004111,'通用开关后台管理API',NULL,NULL,'/product/switch/back/*','POST',300411,NULL,NULL,1,'1','2019-05-30 09:53:09','2019-05-30 09:55:02','0'),(3004121,'宽带套餐后台管理API',NULL,NULL,'/product/broadbandPackage/back/*/*','POST',300412,NULL,NULL,1,'1','2019-05-30 10:01:12','2019-05-30 10:02:07','0'),(3004122,'宽带渠道后台管理API',NULL,NULL,'/product/broadbandCompany/back/*/*','POST',300412,NULL,NULL,1,'1','2019-06-01 06:35:09',NULL,'0'),(3004123,'宽带订单后台管理API',NULL,NULL,'/product/broadbandOrder/back/*','POST',300412,NULL,NULL,1,'1','2019-06-03 08:45:38',NULL,'0'),(3004124,'宽带订单后台管理导出EXCEL',NULL,NULL,'/product/broadbandOrder/back/excel','GET',300412,NULL,NULL,1,'1','2019-06-04 07:46:04',NULL,'0'),(3004125,'宽带预约后台管理API',NULL,NULL,'/product/broadbandAppointment/back/*','POST',300412,NULL,NULL,1,'1','2019-06-06 03:18:23',NULL,'0'),(3004126,'宽带预约后台管理导出EXCEL',NULL,NULL,'/product/broadbandAppointment/back/excel','GET',300412,NULL,NULL,1,'1','2019-06-06 03:19:16',NULL,'0'),(3004131,'虚拟号池后台管理API',NULL,NULL,'/product/virtualPoolBuser/back/*','POST',300413,NULL,NULL,1,'1','2019-07-05 02:40:29','2019-07-08 09:55:06','0'),(3004132,'号码调拨单后台管理API',NULL,NULL,'/product/numAssginTemp/back/*','POST',300413,NULL,NULL,1,'1','2019-07-05 07:17:50',NULL,'0'),(3004133,'调拨记录API',NULL,NULL,'/product/virtualPoolBuser/back/assginLog/*','POST',300413,NULL,NULL,1,'1','2019-07-09 04:00:00','2019-07-09 05:50:00','0'),(3004134,'号码绑定关系查询接口',NULL,NULL,'/product/virtualPoolBuser/queryNumberBindRelation','GET',300413,NULL,NULL,1,'1','2019-07-10 02:33:34','2019-07-10 03:38:47','0'),(3004161,'政企换套-套餐相关',NULL,NULL,NULL,NULL,300416,NULL,NULL,1,'0','2019-08-12 03:15:45','2019-08-12 03:15:58','0'),(3004162,'政企换套-红名单相关',NULL,NULL,NULL,NULL,300416,NULL,NULL,1,'0','2019-08-12 07:00:42',NULL,'0'),(3004163,'政企换套-红名单与套餐关联关系',NULL,NULL,NULL,NULL,300416,NULL,NULL,1,'0','2019-08-15 06:22:21',NULL,'0'),(3004164,'政企换套-申请单相关',NULL,NULL,NULL,NULL,300416,NULL,NULL,1,'0','2019-08-18 03:18:22',NULL,'0'),(3004165,'政企换套-电信受理组相关',NULL,NULL,NULL,NULL,300416,NULL,NULL,1,'0','2019-08-20 02:38:45',NULL,'0'),(3004171,'优惠券模板相关',NULL,NULL,NULL,NULL,300417,NULL,NULL,1,'0','2019-08-29 03:46:33',NULL,'0'),(3004172,'优惠券产品附属品相关',NULL,NULL,NULL,NULL,300417,NULL,NULL,1,'0','2019-08-29 09:18:14',NULL,'0'),(3004173,'优惠券产品相关',NULL,NULL,NULL,NULL,300417,NULL,NULL,1,'0','2019-08-31 09:40:18',NULL,'0'),(3004174,'优惠券产品与模板关系相关',NULL,NULL,NULL,NULL,300417,NULL,NULL,1,'0','2019-08-31 09:48:50',NULL,'0'),(3004175,'优惠券具体券相关',NULL,NULL,NULL,NULL,300417,NULL,NULL,1,'0','2019-09-06 08:26:37',NULL,'0'),(3004176,'优惠券领取订单相关',NULL,NULL,NULL,NULL,300417,NULL,NULL,1,'0','2019-11-10 03:58:23',NULL,'0'),(3004211,'新增产品',NULL,NULL,NULL,NULL,300421,'icon-xitongguanli',NULL,1,'1','2018-12-19 06:34:07','2018-12-21 06:14:49','0'),(3004212,'上传产品图片',NULL,NULL,'/product/telecom/addProductImg',NULL,300421,'icon-xitongguanli',NULL,2,'1','2018-12-19 06:34:28','2018-12-21 06:14:49','0'),(3004213,'显示产品图片','',NULL,'/product/telecom/showProductImage','GET',300421,NULL,NULL,1,'1','2019-08-06 12:38:58',NULL,'0'),(3004214,'审核',NULL,NULL,'/product/telecom/audit','POST',300421,NULL,NULL,1,'1','2019-08-08 08:54:40','2019-08-08 08:58:07','0'),(3004251,'审核',NULL,NULL,'/product/telecom/audit','POST',300425,NULL,NULL,1,'1','2019-08-08 11:00:28','2019-08-08 11:00:41','0'),(3005100,'C端用户列表',NULL,'','/admin/customer/**','POST',3005,'icon-xitongguanli','',1,'0','2018-12-17 09:37:15','2018-12-21 06:14:49','0'),(3005101,'C端列表api',NULL,NULL,'/admin/customer/**','POST',3005100,'icon-xitongguanli',NULL,1,'1','2018-12-17 11:22:59','2018-12-21 06:14:49','0'),(3005102,'C端用户列表',NULL,'/customerlist',NULL,NULL,3005100,'icon-xitongguanli','views/person/cperson/customerList',1,'0','2018-12-18 03:35:17','2018-12-21 06:14:49','0'),(3005121,'数据录入',NULL,NULL,'/customer/upload','POST',3005100,NULL,NULL,1,'1','2019-01-23 05:57:57','2019-03-01 05:47:56','0'),(3005200,'商户管理',NULL,'',NULL,NULL,3005,'icon-xitongguanli','Layout',4,'0','2018-12-17 11:19:21','2018-12-21 06:14:49','0'),(3005201,'商户列表',NULL,NULL,'/admin/merchantCheck/**','POST',3005200,'icon-xitongguanli',NULL,1,'1','2018-12-17 11:24:25','2018-12-21 06:14:49','0'),(3005202,'商户关联用户',NULL,NULL,'/admin/businessOrder/**','POST',3005200,'icon-xitongguanli',NULL,1,'1','2018-12-17 12:01:29','2018-12-21 06:14:49','0'),(3005203,'商户列表',NULL,'/businesslist',NULL,NULL,3005200,'icon-xitongguanli','views/person/business/businesslist',1,'0','2018-12-18 06:25:44','2018-12-21 06:14:49','0'),(3005204,'商户类型列表',NULL,'/businesstype',NULL,NULL,3005200,'icon-xitongguanli','views/person/business/businesstype',2,'0','2018-12-18 06:29:22','2018-12-21 06:14:49','0'),(3005205,'经营品类列表',NULL,'/category',NULL,NULL,3005200,'icon-xitongguanli','views/person/business/businesscategory',3,'0','2018-12-18 06:30:19','2018-12-21 06:14:49','0'),(3005206,'门店列表',NULL,'/shop',NULL,NULL,3005200,'icon-xitongguanli','views/person/business/businessshop',4,'0','2018-12-18 06:35:46','2018-12-21 06:14:49','0'),(3005207,'商户资质申请列表Excel',NULL,NULL,'/admin/merchantCheck/page/excel','GET',3005200,NULL,NULL,1,'1','2019-08-06 09:35:20',NULL,'0'),(3005300,'C端用户标签管理',NULL,'',NULL,NULL,3005,'icon-xitongguanli','',2,'0','2018-12-17 11:26:05','2018-12-21 06:14:49','0'),(3005301,'一级二级标签列表',NULL,NULL,'/admin/label/**','POST',3005300,'icon-xitongguanli',NULL,1,'1','2018-12-17 11:27:00','2018-12-21 06:14:49','0'),(3005302,'一级标签',NULL,'/tagOneView',NULL,NULL,3005300,'icon-xitongguanli','views/person/tag/tagOneView',1,'0','2018-12-18 02:57:01','2018-12-21 06:14:49','0'),(3005303,'二级标签',NULL,'/tagTwoView',NULL,NULL,3005300,'icon-xitongguanli','views/person/tag/tagTwoView',2,'0','2018-12-18 03:25:54','2018-12-21 06:14:49','0'),(3005304,'标签与关联数分页列表API',NULL,NULL,'/admin/label/backIntegralLabel/page','POST',3005300,NULL,NULL,1,'1','2019-04-24 02:57:04',NULL,'0'),(3005400,'客户经理管理',NULL,'',NULL,NULL,3005,'icon-xitongguanli','',3,'0','2018-12-17 11:31:08','2018-12-21 06:14:49','0'),(3005402,'客户经理类型列表',NULL,NULL,'/admin/managerCheck/**','POST',3005400,'icon-xitongguanli',NULL,2,'1','2018-12-17 11:33:32','2018-12-21 06:14:49','0'),(3005403,'客户经理列表',NULL,'/managers',NULL,NULL,3005400,'icon-xitongguanli','views/person/managers',1,'0','2018-12-18 06:00:17','2018-12-21 06:14:49','0'),(3005404,'客户经理类型列表',NULL,'/managertype',NULL,NULL,3005400,'icon-xitongguanli','views/person/manager/mgrtype',2,'0','2018-12-18 06:20:26','2018-12-21 06:14:49','0'),(3005405,'渠道列表',NULL,'/chanel',NULL,NULL,3005400,'icon-xitongguanli','views/person/manager/chanel',3,'0','2018-12-18 06:21:31','2018-12-21 06:14:49','1'),(3005406,'客户经理关联用户列表api',NULL,NULL,'/admin/relation/**','POST',3005400,'icon-xitongguanli',NULL,1,'1','2018-12-19 09:11:24','2018-12-21 06:14:49','0'),(3005407,'渠道套餐中间表列表',NULL,NULL,'/product/company/companyPackage/page','POST',3005400,NULL,NULL,1,'1','2019-08-07 03:55:34','2019-08-07 03:56:23','0'),(3005408,'渠道套餐中间表列表Excel',NULL,NULL,'/product/company/companyPackage/page/excel','GET',3005400,NULL,NULL,1,'1','2019-08-07 03:55:34','2019-08-07 03:55:51','0'),(3005409,'客户经理渠道类型列表',NULL,'/channelType',NULL,NULL,3005400,'icon-xitongguanli','views/person/manager/channelType',1,'0','2019-04-15 06:51:07','2019-04-15 06:52:58','0'),(3005500,'角色审核管理',NULL,'',NULL,NULL,3005,'icon-xitongguanli','Layout',5,'0','2018-12-17 11:42:17','2018-12-21 06:14:49','0'),(3005501,'客户经理审核',NULL,'/customermanager',NULL,NULL,3005500,'icon-xitongguanli','views/person/audit/customermanager',1,'0','2018-12-18 06:38:18','2018-12-21 06:14:49','0'),(3005502,'商户审核',NULL,'/businessowner',NULL,NULL,3005500,'icon-xitongguanli','views/person/audit/businessowner',2,'0','2018-12-18 06:41:48','2018-12-21 06:14:49','0'),(3005503,'个性审核',NULL,'/personal',NULL,NULL,3005500,'icon-xitongguanli','views/person/audit/personal',3,'0','2018-12-18 06:42:39','2018-12-21 06:14:49','0'),(3005600,'提交资质管理',NULL,'',NULL,NULL,3005,'icon-xitongguanli','',6,'0','2018-12-17 11:43:07','2018-12-21 06:14:49','0'),(3005601,'获取资质项',NULL,NULL,'/admin/codeTable/**','GET',3005600,'icon-xitongguanli',NULL,1,'1','2018-12-17 11:58:08','2018-12-21 06:14:49','0'),(3005602,'获取地区资质',NULL,NULL,'/admin/area/**','POST',3005600,'icon-xitongguanli',NULL,1,'1','2018-12-17 11:59:42','2018-12-21 06:14:49','0'),(3005603,'个性资质列表',NULL,NULL,'/admin/personCheck/**','POST',3005600,'icon-xitongguanli',NULL,1,'1','2018-12-17 12:00:35','2018-12-21 06:14:49','0'),(3005604,'行业资质管理',NULL,'/businessqualifi',NULL,NULL,3005600,'icon-xitongguanli','views/person/qualifi/businessqualifi',1,'0','2018-12-18 06:47:55','2018-12-21 06:14:49','0'),(3005605,'地区资质',NULL,'/areaqualifi',NULL,NULL,3005600,'icon-xitongguanli','views/person/qualifi/areaqualifi',2,'0','2018-12-18 06:53:05','2018-12-21 06:14:49','0'),(3005606,'个性资质管理',NULL,'/personalqualifi',NULL,NULL,3005600,'icon-xitongguanli','views/person/qualifi/personalqualifi',3,'0','2018-12-18 06:54:03','2018-12-21 06:14:49','0'),(3005700,'关系导入管理',NULL,'relation',NULL,NULL,3005,'icon-xitongguanli','views/person/relation/index',7,'0','2018-12-17 11:44:12','2018-12-21 06:14:49','0'),(3005800,'门店','','','','',3005,'icon-xitongguanli','',1,'0','2018-12-28 03:40:30','2018-12-28 07:30:52','0'),(3005801,'门店分页列表','','','/admin/store/**','POST',3005800,'','',1,'1','2018-12-28 05:39:35','2018-12-28 07:28:22','0'),(3005802,'门店详情','','','/admin/store/*','POST',3005800,'','',1,'','2018-12-28 05:40:31','2018-12-28 07:28:25','0'),(3005803,'新增门店','','','/admin/store/insert','POST',3005800,'','',1,'1','2018-12-28 05:40:59','2018-12-28 07:28:29','0'),(3005804,'编辑门店','','','/admin/store/update','POST',3005800,'','',1,'','2018-12-28 05:41:26','2018-12-28 07:28:31','0'),(3005810,'查询所有品类',NULL,NULL,'/admin/codeTable/getByCodeType','POST',3005800,NULL,NULL,1,'1','2019-01-03 05:58:59',NULL,'0'),(3005900,'行业相关',NULL,NULL,NULL,NULL,3005,NULL,NULL,1,'0','2019-08-28 03:19:13',NULL,'0'),(3006111,'更新参数上下架状态',NULL,'','marketing/params/integral/updateParamAlive',NULL,300611,NULL,NULL,1,'1','2018-12-25 14:42:48',NULL,'0'),(3006112,'获取返利关联用户集合',NULL,NULL,'admin/customerIntegral/findPage',NULL,300611,NULL,NULL,2,'1','2018-12-26 11:35:51','2018-12-26 12:34:14','1'),(3006113,'获取返积分参数详细','',NULL,'/marketing/backIntegralParam/detail','POST',300611,NULL,NULL,2,'1','2019-04-11 13:12:30','2019-04-11 13:16:04','0'),(3006131,'更新上下架状态','',NULL,'/marketing/params/distribution/updateParamOnline','POST',300613,'icon-xitongguanli',NULL,1,'1','2018-12-17 13:53:26','2018-12-21 06:14:49','1'),(3006211,'电信分销返佣详细',NULL,'/distributionRebateDetail','/marketing/openCardRelation/distributionRebateDetail','POST',300621,NULL,NULL,1,'1','2019-01-06 08:51:32','2019-01-06 11:06:36','0'),(3006231,'号码列表',NULL,'/product/phoneList',NULL,NULL,30054015,'icon-rizhiguanli','views/phoneManage/phoneList',1,'0','2018-12-17 09:29:08','2018-12-21 01:54:37','0'),(3007100,'财务审核管理',NULL,NULL,NULL,NULL,3007,NULL,NULL,1,'0','2018-12-21 07:18:02',NULL,'0'),(3007101,'提现申请列表',NULL,'/withdrawlist',NULL,NULL,3007100,NULL,'views/finance/finaudit/withdrawlist',1,'0','2018-12-21 07:32:14',NULL,'0'),(3007102,'退款申请列表',NULL,'/refundlist',NULL,NULL,3007100,NULL,'views/finance/finaudit/refundlist',1,'0','2018-12-21 07:34:51',NULL,'0'),(3007200,'积分与余额管理',NULL,NULL,NULL,NULL,3007,NULL,NULL,2,'0','2018-12-21 07:18:49',NULL,'0'),(3007201,'账户余额记录',NULL,'/accountbalance',NULL,NULL,3007200,NULL,'views/finance/finrecords/accountbalance',1,'0','2018-12-21 07:54:15',NULL,'0'),(3007202,'商户收款记录',NULL,'/accountrecieve',NULL,NULL,3007200,NULL,'views/finance/finrecords/accountrecieve',2,'0','2018-12-21 07:55:38',NULL,'0'),(3007203,'积分转换记录',NULL,'/integraltrans',NULL,NULL,3007200,NULL,'views/finance/finrecords/integraltrans',3,'0','2018-12-21 07:56:44',NULL,'0'),(3007204,'余额提现记录',NULL,'/accountwithdraw',NULL,NULL,3007200,NULL,'views/finance/finrecords/accountwithdraw',4,'0','2018-12-21 07:57:43','2019-01-11 10:17:47','0'),(3007205,'用户返利记录',NULL,'/userrebate',NULL,NULL,3007200,NULL,'views/finance/finrecords/userrebate',5,'0','2018-12-21 07:58:33',NULL,'0'),(3007206,'平台入账记录',NULL,'/platformin',NULL,NULL,3007200,NULL,'views/finance/finrecords/platformin',6,'0','2018-12-21 07:59:24',NULL,'0'),(3007207,'平台出账记录',NULL,'/platformout',NULL,NULL,3007200,NULL,'views/finance/finrecords/platformout',7,'0','2018-12-21 08:00:06',NULL,'0'),(3007300,'财务设置',NULL,NULL,NULL,NULL,3007,NULL,NULL,3,'0','2018-12-21 07:19:19','2018-12-21 07:19:49','0'),(3007301,'支付设置',NULL,'/paysetting',NULL,NULL,3007300,NULL,'views/finance/finsetting/paysetting',1,'0','2018-12-21 07:37:25',NULL,'0'),(3007302,'提现设置',NULL,'/refundsetting',NULL,NULL,3007300,NULL,'views/finance/finsetting/refundsetting',1,'0','2018-12-21 07:38:20',NULL,'0'),(3008100,'报表中心',NULL,NULL,NULL,NULL,3008,'icon-xitongguanli',NULL,1,'0','2019-04-29 01:46:20',NULL,'0'),(3008101,'手淘拉新报表',NULL,'/tbReport',NULL,NULL,3008100,'icon-xitongguanli','views/reporting/TaobaoReporting',1,'0','2019-04-29 01:51:06','2019-04-29 02:02:27','0'),(3009100,'平台设置',NULL,NULL,NULL,NULL,3009,'icon-xitongguanli',NULL,2,'0','2018-12-26 03:33:36','2019-04-24 06:05:45','0'),(3009101,'版本管理',NULL,'/versionlist',NULL,'POST',3009100,'icon-xitongguanli','views/setting/platformSetting/versionlist',1,'0','2018-12-26 03:36:46','2018-12-26 03:38:55','0'),(3009102,'错误提示设置',NULL,'/errorMsgSetting',NULL,NULL,3009100,'icon-xitongguanli','views/setting/errorSetting/ErrorSetting',1,'0','2019-04-24 06:02:43','2019-04-24 06:04:37','0'),(3009200,'错误提示设置',NULL,NULL,NULL,NULL,3009,NULL,NULL,2,'0','2019-04-24 06:00:25','2019-04-24 06:01:11','1'),(3055000,'融宽套餐列表',NULL,'/mixPackage',NULL,NULL,3005400,'icon-xitongguanli','views/person/manager/MixPackagePage',1,'0','2019-07-20 03:52:47','2019-07-25 06:13:04','1'),(3300100,'商户资质获取api',NULL,NULL,'/admin/merchantCheck/**','POST',3300,NULL,NULL,1,'1','2018-12-21 10:15:43','2018-12-21 10:18:49','0'),(3300101,'商户资质提交',NULL,NULL,'/admin/merchantCheck/**','POST',3300,NULL,NULL,2,'1','2018-12-21 10:16:51','2018-12-21 10:20:22','0'),(4003005,'融宽渠道',NULL,'/mixChannel',NULL,NULL,3005400,'icon-xitongguanli','views/person/manager/MixChannel',1,'0','2019-07-25 06:10:17','2019-07-25 06:13:47','0'),(5000091,'查询号码归属地',NULL,NULL,'/product/numpool/getCity*','POST',500009,NULL,NULL,1,'1','2019-05-25 03:44:55','2019-05-25 03:46:07','0'),(5000101,'查询当前登录客户的套餐',NULL,NULL,'/product/mobilePackage/selectByCurrentBuser','POST',500010,NULL,NULL,1,'1','2019-05-25 03:37:25',NULL,'0'),(5000111,'产品列表','',NULL,'/product/telecom/getCityPoducts',NULL,500011,NULL,NULL,1,'1','2019-02-21 12:35:00','2019-02-21 13:01:59','0'),(5000112,'翼米网厅产品API','',NULL,'/product/telecom/app/*','POST',500011,NULL,NULL,1,'1','2019-05-21 08:03:31','2019-05-21 08:04:05','0'),(5000121,'消息列表',NULL,NULL,'/other/customerMessage/page','POST',500012,NULL,NULL,1,'1','2019-03-04 03:03:23',NULL,'0'),(5000122,'未读消息数',NULL,NULL,'/other/customerMessage/countUnRead','POST',500012,NULL,NULL,2,'1','2019-03-04 03:09:18',NULL,'0'),(5000141,'宽带套餐API',NULL,NULL,'/product/broadbandPackage/app/*/*','POST',500014,NULL,NULL,1,'1','2019-05-30 10:04:47',NULL,'0'),(5000142,'宽带小区API',NULL,NULL,'/product/estate/app/**','POST',500014,NULL,NULL,1,'1','2019-05-30 10:07:04',NULL,'0'),(5000143,'宽带订单API',NULL,NULL,'/product/broadbandOrder/app/customer/*','POST',500014,NULL,NULL,1,'1','2019-06-03 08:49:01','2019-06-05 01:39:12','0'),(5000144,'宽带预约API',NULL,NULL,'/product/broadbandAppointment/app/customer/*','POST',500014,NULL,NULL,1,'1','2019-06-06 03:13:21',NULL,'0'),(5000146,'融宽套餐API',NULL,NULL,'/product/mixPackage/app/customer/*','POST',500014,NULL,NULL,1,'1','2019-07-13 08:40:09','2019-07-13 08:40:53','0'),(5000147,'融宽订单API',NULL,NULL,'/product/mixOrder/app/customer/*','POST',500014,NULL,NULL,1,'1','2019-07-13 08:41:36',NULL,'0'),(5000151,'优惠券模板API',NULL,NULL,'/product/couponTemplate/app/customer/*','POST',500015,NULL,NULL,1,'1','2019-09-02 03:40:32',NULL,'0'),(5000152,'优惠券产品API',NULL,NULL,'/product/couponduct/app/customer/*','POST',500015,NULL,NULL,1,'1','2019-09-02 03:41:48',NULL,'0'),(5000153,'优惠券具体券API',NULL,NULL,'/product/coupon/app/customer/*','POST',500015,NULL,NULL,1,'1','2019-09-02 03:42:38','2019-09-02 03:45:44','0'),(5000154,'优惠券标签与优惠券领券配置API',NULL,NULL,'/admin/couponductLabel/receiveConfig/app/customer/*','POST',500015,NULL,NULL,1,'1','2019-11-08 02:34:04','2019-11-08 02:36:17','0'),(5000155,'优惠券产品订单API',NULL,NULL,'/order/couponductOrder/app/customer/*','POST',500015,NULL,NULL,1,'1','2019-09-02 03:43:18',NULL,'0'),(5000156,'优惠券领取订单API',NULL,NULL,'/product/couponReceiveOrder/app/customer/*','POST',500015,NULL,NULL,1,'1','2019-11-08 02:39:43',NULL,'0'),(30022001,'开卡申请列表',NULL,'/applycard/applyCardList',NULL,NULL,3002200,'icon-xitongguanli','views/applycard/applyCardList',0,'0','2019-01-16 11:32:44',NULL,'0'),(30022009,'融合宽带订单列表',NULL,'/product/mixBroad/order/orderList','/product/mixOrder/back/page','POST',3002200,'icon-xitongguanli',NULL,6,'0','2019-07-22 11:49:29','2019-07-22 11:52:22','0'),(30025001,'优惠券产品订单-分页列表',NULL,NULL,'/order/couponductOrder/back/page','POST',3002500,NULL,NULL,1,'1','2019-09-05 10:17:15',NULL,'0'),(30025002,'优惠券产品订单-列表Excel',NULL,NULL,'/order/couponductOrder/back/excel','POST',3002500,NULL,NULL,1,'1','2019-09-05 10:17:42',NULL,'0'),(30025003,'优惠券产品订单-详情',NULL,NULL,'/order/couponductOrder/back/detail','POST',3002500,NULL,NULL,1,'1','2019-09-05 10:19:06',NULL,'0'),(30041001,'异业合作管理',NULL,NULL,NULL,'POST',3004,'icon-xitongguanli',NULL,8,'0','2019-05-20 07:02:59','2019-08-08 07:51:21','0'),(30041401,'融合宽带后台管理API',NULL,NULL,'/product/mixPackage/back/*','POST',300414,NULL,NULL,1,'1','2019-07-15 02:31:29','2019-07-16 01:33:59','0'),(30041402,'融宽渠道后台管理API',NULL,NULL,'/product/mixCompany/back/*','POST',300414,NULL,NULL,1,'1','2019-07-15 13:00:46','2019-07-16 02:30:55','0'),(30041403,'融宽订单后台管理API',NULL,NULL,'/product/mixOrder/back/*','POST',300414,NULL,NULL,1,'1','2019-07-17 06:23:38',NULL,'0'),(30041404,'证件照片下载API',NULL,NULL,'/product/mixOrder/downloadIdCardPhoto','GET',300414,NULL,NULL,1,'1','2019-07-18 05:37:53','2019-07-18 05:43:02','0'),(30041405,' 融宽订单短信名单后台配置API',NULL,NULL,'/product/broadbandProcessor/back/*','POST',300414,NULL,NULL,1,'1','2019-07-19 01:31:27',NULL,'0'),(30041406,'融宽订单Excel导出API',NULL,NULL,'/product/mixOrder/back/export','GET',300414,NULL,NULL,1,'1','2019-07-23 02:50:37',NULL,'0'),(30041407,'融宽套餐审核',NULL,NULL,'/product/mixPackage/audit','POST',300414,NULL,NULL,1,'1','2019-08-08 11:27:00',NULL,'0'),(30041611,'政企换套-套餐-列表',NULL,NULL,'/product/chankagePackage/back/page','POST',3004161,NULL,NULL,1,'1','2019-08-12 03:16:59',NULL,'0'),(30041612,'政企换套-套餐-详情',NULL,NULL,'/product/chankagePackage/back/detail','POST',3004161,NULL,NULL,1,'1','2019-08-12 03:17:42',NULL,'0'),(30041613,'政企换套-套餐-新增',NULL,NULL,'/product/chankagePackage/back/add','POST',3004161,NULL,NULL,1,'1','2019-08-12 03:18:16',NULL,'0'),(30041614,'政企换套-套餐-修改',NULL,NULL,'/product/chankagePackage/back/update','POST',3004161,NULL,NULL,1,'1','2019-08-12 03:19:00',NULL,'0'),(30041615,'政企换套-套餐-删除',NULL,NULL,'/product/chankagePackage/back/delete','POST',3004161,NULL,NULL,1,NULL,'2019-08-15 03:52:08',NULL,'0'),(30041621,'政企换套-红名单-父列表',NULL,NULL,'/product/chankageRedlist/back/parent/page','POST',3004162,NULL,NULL,1,'1','2019-08-12 07:01:08','2019-08-12 07:03:29','0'),(30041622,'政企换套-红名单-父表新增(Excel导入)',NULL,NULL,'/product/chankageRedlist/back/parent/excelAdd','POST',3004162,NULL,NULL,1,'1','2019-08-12 07:03:23','2019-08-12 07:06:58','0'),(30041623,'政企换套-红名单-父表删除',NULL,NULL,'/product/chankageRedlist/back/parent/delete','POST',3004162,NULL,NULL,1,'1','2019-08-12 07:05:11','2019-08-12 07:07:00','0'),(30041624,'政企换套-红名单-子列表',NULL,NULL,'/product/chankageRedlist/back/children/page','POST',3004162,NULL,NULL,1,'1','2019-08-12 07:08:45','2019-08-12 07:22:08','0'),(30041625,'政企换套-红名单-子表新增(Excel导入)',NULL,NULL,'/product/chankageRedlist/back/children/excelAdd','POST',3004162,NULL,NULL,1,'1','2019-08-12 07:10:29','2019-08-12 07:22:12','0'),(30041626,'政企换套-红名单-子表新增(单个)',NULL,NULL,'/product/chankageRedlist/back/children/add','POST',3004162,NULL,NULL,1,'1','2019-08-12 07:11:14','2019-08-12 07:22:16','0'),(30041627,'政企换套-红名单-子表删除',NULL,NULL,'/product/chankageRedlist/back/children/delete','POST',3004162,NULL,NULL,1,'1','2019-08-12 07:11:55','2019-08-12 07:22:20','0'),(30041628,'政企换套-红名单-子表Excel导出',NULL,NULL,'/product/chankageRedlist/back/children/excelExport','GET',3004162,NULL,NULL,1,'1','2019-08-12 07:13:00','2019-08-12 07:22:24','0'),(30041629,'政企换套-红名单-名称重复性校验',NULL,NULL,'/product/chankageRedlist/back/parent/chankageRedlistNameDuplicateCheck','POST',3004162,NULL,NULL,1,'1','2019-08-13 10:12:11','2019-08-13 10:12:18','0'),(30041631,'政企换套-红名单与套餐关联关系-列表',NULL,NULL,'/product/chankageRedlistPackage/back/page','POST',3004163,NULL,NULL,1,'1','2019-08-15 06:22:53',NULL,'0'),(30041632,'政企换套-红名单与套餐关联关系-新增',NULL,NULL,'/product/chankageRedlistPackage/back/add','POST',3004163,NULL,NULL,1,'1','2019-08-15 06:23:28',NULL,'0'),(30041633,'政企换套-红名单与套餐关联关系-修改',NULL,NULL,'/product/chankageRedlistPackage/back/update','POST',3004163,NULL,NULL,1,'1','2019-08-15 06:24:45',NULL,'0'),(30041634,'政企换套-红名单与套餐关联关系-删除',NULL,NULL,'/product/chankageRedlistPackage/back/delete','POST',3004163,NULL,NULL,1,'1','2019-08-15 06:25:08',NULL,'0'),(30041641,'政企换套-申请单-列表',NULL,NULL,'/product/chankageApply/back/page','POST',3004164,NULL,NULL,1,'1','2019-08-18 03:44:38',NULL,'0'),(30041642,'政企换套-申请单-列表导出Excel',NULL,NULL,'/product/chankageApply/back/excel','GET',3004164,NULL,NULL,1,'1','2019-08-18 03:45:08',NULL,'0'),(30041643,'政企换套-申请单-详情',NULL,NULL,'/product/chankageApply/back/detail','POST',3004164,NULL,NULL,1,'1','2019-08-18 03:45:32',NULL,'0'),(30041644,'政企换套-申请单-受理',NULL,NULL,'/product/chankageApply/back/process','POST',3004164,NULL,NULL,1,'1','2019-08-18 03:46:10',NULL,'0'),(30041651,'政企换套-电信受理组-列表',NULL,NULL,'/product/chankageProcessor/back/list','POST',3004165,NULL,NULL,1,'1','2019-08-20 02:39:35','2019-08-20 02:40:20','0'),(30041652,'政企换套-电信受理组-更新',NULL,NULL,'/product/chankageProcessor/back/update','POST',3004165,NULL,NULL,1,'1','2019-08-20 02:40:14',NULL,'0'),(30041711,'优惠券模板-商户已配列表',NULL,NULL,'/product/couponTemplate/back/listByBuserId','POST',3004171,NULL,NULL,1,'1','2019-08-29 03:48:45','2019-08-30 07:19:15','0'),(30041712,'优惠券模板-提交更新',NULL,NULL,'/product/couponTemplate/back/updateByBuserId','POST',3004171,NULL,NULL,1,'1','2019-08-29 03:47:59','2019-08-30 07:19:18','0'),(30041713,'优惠券模板-草稿',NULL,NULL,'/product/couponTemplate/back/draftByBuserId','POST',3004171,NULL,NULL,1,'1','2019-08-29 03:49:14','2019-08-30 07:19:21','0'),(30041714,'优惠券模板-列表',NULL,NULL,'/product/couponTemplate/back/page','POST',3004171,NULL,NULL,1,'1','2019-08-30 07:38:03',NULL,'0'),(30041715,'优惠券模板-列表Excel',NULL,NULL,'/product/couponTemplate/back/excel','POST',3004171,NULL,NULL,1,'1','2019-08-30 07:38:36',NULL,'0'),(30041716,'优惠券模板-修改库存',NULL,NULL,'/product/couponTemplate/back/updateStock','POST',3004171,NULL,NULL,1,'1','2019-08-30 07:39:19',NULL,'0'),(30041721,'优惠券产品附属品-列表',NULL,NULL,'/product/couponPacket/back/page','POST',3004172,NULL,NULL,1,'1','2019-08-29 09:19:17',NULL,'0'),(30041722,'优惠券产品附属品-列表Excel',NULL,NULL,'/product/couponPacket/back/excel','POST',3004172,NULL,NULL,1,'1','2019-08-29 09:21:38','2019-08-29 09:22:08','0'),(30041723,'优惠券产品附属品-详情',NULL,NULL,'/product/couponPacket/back/detail','POST',3004172,NULL,NULL,1,'1','2019-08-29 09:20:02','2019-08-29 09:21:05','0'),(30041724,'优惠券产品附属品-新增',NULL,NULL,'/product/couponPacket/back/add','POST',3004172,NULL,NULL,1,'1','2019-08-29 09:22:54',NULL,'0'),(30041725,'优惠券产品附属品-修改',NULL,NULL,'/product/couponPacket/back/update','POST',3004172,NULL,NULL,1,'1','2019-08-29 09:20:55',NULL,'0'),(30041726,'优惠券产品附属包-删除',NULL,NULL,'/product/couponPacket/back/delete','POST',3004172,NULL,NULL,1,'1','2019-08-29 10:15:32',NULL,'0'),(30041731,'优惠券产品-列表',NULL,NULL,'/product/couponduct/back/page','POST',3004173,NULL,NULL,1,'1','2019-08-31 09:42:42',NULL,'0'),(30041732,'优惠券产品-列表Excel',NULL,NULL,'/product/couponduct/back/excel','POST',3004173,NULL,NULL,1,'1','2019-08-31 09:43:23',NULL,'0'),(30041733,'优惠券产品-详情',NULL,NULL,'/product/couponduct/back/detail','POST',3004173,NULL,NULL,1,'1','2019-08-31 09:43:48',NULL,'0'),(30041734,'优惠券产品-新增',NULL,NULL,'/product/couponduct/back/add','POST',3004173,NULL,NULL,1,'1','2019-08-31 09:45:02',NULL,'0'),(30041735,'优惠券产品-修改',NULL,NULL,'/product/couponduct/back/update','POST',3004173,NULL,NULL,1,'1','2019-08-31 09:45:42',NULL,'0'),(30041736,'优惠券产品-草稿',NULL,NULL,'/product/couponduct/back/draft','POST',3004173,NULL,NULL,1,'1','2019-08-31 09:46:20','2019-09-02 06:32:33','0'),(30041741,'优惠券产品与模板关系-列表',NULL,NULL,'/product/couponductCouponTemplate/back/page','POST',3004174,NULL,NULL,1,'1','2019-08-31 09:51:31',NULL,'0'),(30041742,'优惠券产品与模板关系-新增',NULL,NULL,'/product/couponductCouponTemplate/back/add','POST',3004174,NULL,NULL,1,'1','2019-08-31 09:52:08',NULL,'0'),(30041743,'优惠券产品与模板关系-更新下发张数',NULL,NULL,'/product/couponductCouponTemplate/back/updateTemplateCount','POST',3004174,NULL,NULL,1,'1','2019-08-31 09:53:26',NULL,'0'),(30041744,'优惠券产品与模板关系-置顶',NULL,NULL,'/product/couponductCouponTemplate/back/toTop','POST',3004174,NULL,NULL,1,'1','2019-08-31 09:54:23','2019-09-03 03:40:35','0'),(30041745,'优惠券产品与模板关系-删除',NULL,NULL,'/product/couponductCouponTemplate/back/delete','POST',3004174,NULL,NULL,1,'1','2019-08-31 09:55:15',NULL,'0'),(30041751,'优惠券具体券-列表',NULL,NULL,'/product/coupon/back/page','POST',3004175,NULL,NULL,1,'1','2019-09-06 08:32:30',NULL,'0'),(30041752,'优惠券具体券-列表Excel',NULL,NULL,'/product/coupon/back/excel','POST',3004175,NULL,NULL,1,'1','2019-09-06 08:36:07',NULL,'0'),(30041761,'优惠券领取订单-列表',NULL,NULL,'/product/couponReceiveOrder/back/page','POST',3004176,NULL,NULL,1,'1','2019-11-10 03:59:36','2019-11-10 04:03:00','0'),(30041762,'优惠券领取订单-列表Excel',NULL,NULL,'/product/couponReceiveOrder/back/excel','POST',3004176,NULL,NULL,1,'1','2019-11-10 04:00:09','2019-11-10 04:02:59','0'),(30041763,'优惠券领取订单-详情',NULL,NULL,'/product/couponReceiveOrder/back/detail','POST',3004176,NULL,NULL,1,'1','2019-11-10 04:00:31',NULL,'0'),(30051001,'确认录入','/admin/import/*',NULL,'/admin/import/**','POST',3005100,'icon-xitongguanli',NULL,1,NULL,'2019-03-01 05:43:33','2019-03-01 05:46:43','0'),(30053001,'优惠券活动标签Api',NULL,NULL,'/admin/couponductLabel/page','POST',3005300,NULL,NULL,1,'1','2019-08-30 01:59:23',NULL,'0'),(30053002,'优惠券客户标签-新增Api','',NULL,'/admin/couponductLabel/add','POST',3005300,NULL,NULL,1,'1','2019-08-30 02:01:58','2019-08-30 02:02:48','0'),(30053003,'优惠券客户标签-编辑Api',NULL,NULL,'/admin/couponductLabel/edit','POST',3005300,NULL,NULL,1,'1','2019-08-30 02:03:33',NULL,'0'),(30053004,'优惠券客户标签关联客户-列表Api',NULL,NULL,'/admin/customer/customerCouponductLabelPage','POST',3005300,NULL,NULL,1,'1','2019-08-30 02:05:27',NULL,'0'),(30053005,'优惠券客户标签关联客户-EXCEL导入Api',NULL,NULL,'/admin/customer/uploadCouponductLabel','POST',3005300,NULL,NULL,1,'1','2019-08-30 02:06:19',NULL,'0'),(30053008,'Excel导入Api',NULL,NULL,'/admin/import/formal','POST',3005300,NULL,NULL,1,'1','2019-08-30 03:47:26','2019-08-30 03:48:40','0'),(30054000,'融宽渠道列表','','',NULL,NULL,3005400,'icon-xitongguanli','',1,'0','2019-07-15 06:19:00','2019-07-24 08:28:54','1'),(30054001,'客户经理列表',NULL,NULL,'/admin/businessUser/**','POST',3005400,'icon-xitongguanli',NULL,1,'1','2018-12-17 11:32:04','2018-12-21 06:14:49','0'),(30054002,'tes package',NULL,'/product/numberManage/commisImpHis',NULL,NULL,300622,'icon-xitongguanli','views/commission/commissionImpHis',1,'0','2018-12-17 13:02:23','2018-12-21 06:14:49','1'),(30054003,'开卡套餐列表',NULL,'/product/packageList',NULL,'',30054014,'icon-rizhiguanli','views/packageManage/packageList',1,'0','2018-12-17 13:29:52','2018-12-20 12:49:38','0'),(30054004,'套餐详情',NULL,NULL,'/packageManage/**','PUT',30054003,'icon-xitongguanli',NULL,1,'1','2018-12-17 13:34:41','2018-12-21 06:14:49','0'),(30054005,'添加','package_add',NULL,'/packageManage/**','PUT',30054003,'icon-xitongguanli',NULL,2,'1','2018-12-17 13:35:50','2018-12-21 06:14:49','0'),(30054006,'操作','package_edit',NULL,'/packageManage/**','PUT',30054003,'icon-xitongguanli',NULL,3,'1','2018-12-17 13:37:03','2018-12-21 06:14:49','0'),(30054007,'渠道列表',NULL,'/product/companyList',NULL,NULL,3005400,'icon-rizhiguanli','views/companyManage/companyList',3,'0','2018-12-17 13:38:49','2018-12-21 02:00:31','0'),(30054008,'编辑','company_update',NULL,'/companyManage/**','PUT',30054007,'icon-xitongguanli',NULL,1,'1','2018-12-17 13:39:47','2018-12-21 06:14:49','0'),(30054009,'新增','company_add',NULL,'/companyManage/**','PUT',30054007,'icon-xitongguanli',NULL,2,'1','2018-12-17 13:40:39','2018-12-21 06:14:49','0'),(30054010,'删除','company_del',NULL,'/companyManage/**','PUT',30054007,'icon-xitongguanli',NULL,3,'1','2018-12-17 13:41:57','2018-12-21 06:14:49','0'),(30054011,'关联套餐','company_package',NULL,'/companyManage/**','PUT',30054007,'icon-xitongguanli',NULL,4,'1','2018-12-17 13:42:39','2018-12-21 06:14:49','0'),(30054012,'关联套餐-菜单',NULL,NULL,'/companyManage/**','PUT',30054007,'icon-xitongguanli',NULL,4,'1','2018-12-17 13:43:17','2018-12-21 06:14:49','0'),(30054013,'编辑企业-菜单',NULL,NULL,'/companyManage/**','PUT',30054007,'icon-xitongguanli',NULL,5,'1','2018-12-17 13:43:51','2018-12-21 06:14:49','0'),(30054014,'电信开卡套餐管理',NULL,'','',NULL,3004,'icon-xitongguanli','',1,'0','2018-12-20 10:03:18','2018-12-20 10:17:33','0'),(30054015,'号码管理',NULL,NULL,NULL,NULL,3004,'icon-xitongguanli',NULL,1,'0','2018-12-21 01:54:13',NULL,'0'),(30054016,'靓号管理',NULL,'/prettyNum',NULL,NULL,30054015,'icon-rizhiguanli','views/product/PrettyNum',2,'0','2019-05-14 06:14:34','2019-05-14 06:17:19','0'),(30055001,' 融宽渠道列表',NULL,'/mixChannel',NULL,NULL,3005,'icon-xitongguanli','views/person/manager/MixChannel',1,'0','2019-07-15 06:07:21','2019-07-15 06:16:54','1'),(30059001,'行业-新增',NULL,NULL,'/admin/industry/back/add','POST',3005900,NULL,NULL,1,'1','2019-08-28 03:19:49',NULL,'0'),(30059002,'行业-修改',NULL,NULL,'/admin/industry/back/update','POST',3005900,NULL,NULL,1,'1','2019-08-28 03:20:12',NULL,'0'),(30059003,'行业-置顶',NULL,NULL,'/admin/industry/back/toTop','POST',3005900,NULL,NULL,1,'1','2019-08-28 03:20:43',NULL,'0'),(30062111,'电信分销返佣详细集合',NULL,'/distributionRebateDetail','/marketing/openCardRelation/distributionNewCardList','POST',3006211,NULL,NULL,1,'1','2019-01-06 10:52:02','2019-01-06 11:07:27','0'),(30062311,'虚拟号池号码API',NULL,NULL,'/product/pnumbertemp/back/*','POST',3006231,NULL,NULL,1,'1','2019-07-05 03:31:55','2019-07-05 03:57:03','0'),(30071001,'提现申请列表API','',NULL,'/marketing/convert/withdraw/page','POST',3007100,NULL,NULL,1,'1','2018-12-25 09:11:18',NULL,'0'),(30071002,'提现申请审批API',NULL,NULL,'/marketing/convert/withdraw/audit','POST',3007100,NULL,NULL,1,'1','2018-12-26 08:06:22','2018-12-26 08:07:51','0'),(30071003,'提现申请详情API',NULL,NULL,'/marketing/convert/**','POST',3007100,NULL,NULL,1,'1','2018-12-27 12:05:12','2018-12-27 12:06:30','0'),(30073011,'支付方式-后台管理-列表',NULL,NULL,'/order/payType/back/page','POST',3007301,NULL,NULL,1,'1','2019-03-15 08:37:02',NULL,'0'),(30073012,'支付方式-后台管理-修改',NULL,NULL,'/order/payType/update','POST',3007301,NULL,NULL,1,'1','2019-03-15 08:37:51',NULL,'0'),(30073013,'支付方式-翼米网厅-列表',NULL,NULL,'/order/payType/front/page','POST',3007301,NULL,NULL,1,'1','2019-03-15 08:38:37',NULL,'0'),(30073021,'提现方式-后台管理-列表',NULL,NULL,'/marketing/withdrawType/back/page','POST',3007302,NULL,NULL,1,'1','2019-03-15 08:39:21',NULL,'0'),(30073022,'提现方式-后台管理-修改',NULL,NULL,'/marketing/withdrawType/update','POST',3007302,NULL,NULL,1,'1','2019-03-15 08:39:53',NULL,'0'),(30073023,'提现方式-翼米网厅-列表',NULL,NULL,'/marketing/withdrawType/front/page','POST',3007302,NULL,NULL,1,'1','2019-03-15 08:40:36',NULL,'0'),(30081002,'套餐渠道数据',NULL,'/PackChannelReport','/product/company/companyPackage/page','POST',3008100,'icon-xitongguanli',NULL,2,'0','2019-08-15 08:18:29','2019-08-15 08:18:35','0'),(30091011,'查询所有版本集',NULL,NULL,'/other/versionSet/selectAll','POST',3009101,NULL,NULL,1,'1','2019-01-02 10:25:59',NULL,'0'),(30091012,'版本分页列表',NULL,NULL,'/other/versionItem/page','POST',3009101,NULL,NULL,1,'1','2019-01-02 10:26:51',NULL,'0'),(30091013,'版本详情','',NULL,'/other/versionItem/**','POST',3009101,NULL,NULL,1,'1','2019-01-03 03:12:18','2019-01-03 03:31:25','0'),(30091014,'商品列表',NULL,'/shop/shopList',NULL,NULL,3004,'icon-xitongguanli','views/shopManage/shopList',0,'0','2019-01-07 07:10:01','2019-01-07 07:13:26','0'),(30091015,'商品已用查询','',NULL,'/shop/itemInventory/usedCode','POST',3100,'icon-xitongguanli',NULL,1,'1','2019-01-11 06:54:27','2019-01-11 06:57:17','0'),(30091016,'发送','',NULL,'/shop/itemInventory/send','POST',3100,'icon-xitongguanli',NULL,1,'1','2019-01-11 06:55:39','2019-01-11 06:57:16','0'),(31111222,'新增附属包',NULL,NULL,'/product/couponPacket/back/add','POST',300411041,NULL,NULL,1,'1','2019-09-05 01:38:44',NULL,'0'),(32411144,'处理套餐变更订单',NULL,NULL,'/product/chankageApply/back/process','POST',300220021,NULL,NULL,5,'1','2019-08-21 03:20:32',NULL,'0'),(35244111,'更新附属包',NULL,NULL,'/product/couponPacket/back/update','POST',300411041,NULL,NULL,4,'1','2019-09-05 01:39:26',NULL,'0'),(36414980,'删除附属包',NULL,NULL,'/product/couponPacket/back/add','POST',300411041,NULL,NULL,2,'1','2019-09-05 01:38:01',NULL,'0'),(50001501,'优惠券过期提醒Api',NULL,NULL,'/product/coupon/findCustomerCouponExpireHint','POST',500015,NULL,NULL,1,'1','2019-09-04 02:21:57','2019-09-04 02:22:15','0'),(50001502,'优惠券过期设置本月不再提醒Api',NULL,NULL,'/product/couponHint/close','POST',500015,NULL,NULL,1,'1','2019-09-04 02:57:53','2019-09-05 03:14:05','0'),(50001503,'优惠券使用二维码Api',NULL,NULL,'/product/coupon/generateQRCodeContent','POST',500015,NULL,NULL,1,'1','2019-09-04 03:10:29','2019-09-04 03:10:53','0'),(300013211,'套餐变更订单详细',NULL,NULL,'/product/chankageApply/back/detail','POST',300220021,NULL,NULL,3,'0','2019-08-21 03:12:21',NULL,'0'),(300112200,'优惠券活动订单',NULL,'/couponOrderList',NULL,'POST',3002200,'icon-xitongguanli',NULL,10,'0','2019-08-30 04:13:50','2019-08-30 04:14:09','0'),(300220021,'套餐变更订单列表',NULL,'/PackageChangeOrderList','/product/chankageApply/back/page','POST',3002200,'icon-xitongguanli',NULL,2,'0','2019-08-16 02:59:45','2019-08-16 02:59:58','0'),(300220091,'融合宽带订单详细',NULL,NULL,'/product/mixOrder/back/detail','POST',30022009,NULL,NULL,1,'1','2019-07-23 11:30:35',NULL,'0'),(300220092,'融合宽带订单证件照下载',NULL,NULL,'/product/mixOrder/downloadIdCardPhoto','POST',30022009,NULL,NULL,2,'1','2019-07-23 11:31:54','2019-07-23 11:32:10','0'),(300220093,'融合宽带订单处理',NULL,NULL,'/product/mixOrder/back/handlerOrder','POST',30022009,NULL,NULL,3,'1','2019-07-23 11:33:13',NULL,'0'),(300220111,'查看受理人手机号码集合',NULL,NULL,'/product/chankageProcessor/back/list','POST',300220021,NULL,NULL,1,'1','2019-08-21 03:05:27',NULL,'0'),(300220113,'更新受理人手机号码',NULL,NULL,'/product/chankageProcessor/back/update','POST',300220021,NULL,NULL,2,'1','2019-08-21 03:09:09',NULL,'0'),(300402141,'发放的优惠券列表',NULL,'/couponProvideList','/product/couponPacket/back/page','POST',3004,'icon-xitongguanli',NULL,22,'0','2019-08-30 02:26:11','2019-08-30 02:26:36','0'),(300410011,'车贷产品列表',NULL,'/carloanList',NULL,'POST',30041001,NULL,NULL,1,'0','2019-05-20 07:05:12',NULL,'0'),(300410012,'药房产品列表',NULL,'/drugstoreList',NULL,'POST',30041001,NULL,NULL,2,'0','2019-05-20 07:07:14',NULL,'0'),(300410013,'异业合作赠款包API',NULL,NULL,'/product/acrossIndustryPacket/*','POST',30041001,NULL,NULL,1,'1','2019-05-21 07:55:47',NULL,'0'),(300410014,'异业合作赠款包审核员API','',NULL,'/product/acrossIndustryPacket/superior/*','POST',30041001,NULL,NULL,1,'1','2019-05-21 07:56:16',NULL,'0'),(300410015,'异业合作产品方案API',NULL,NULL,'/product/acrossIndustryPlan/*','POST',30041001,NULL,NULL,1,'1','2019-05-21 07:58:58',NULL,'0'),(300411041,'附属包列表',NULL,'/attachedPackageList','/product/couponPacket/back/page','POST',3004,'icon-xitongguanli',NULL,21,'0','2019-08-29 09:48:32','2019-08-29 09:48:43','0'),(300520000,'商户行业管理',NULL,'/bindustry','NULL','NULL',3005200,'icon-xitongguanli','views/person/business/IndustryList',7,'0','2019-08-22 10:14:35',NULL,'0'),(300530000,'优惠券活动标签',NULL,'/couponList','NULL','NULL',3005300,'icon-xitongguanli','views/person/tag/CouponList',3,'0','2019-08-22 10:14:35',NULL,'0'),(300530012,'优惠券客户标签-删除',NULL,NULL,'/admin/customer/deleteCustomerCouponductLable','POST',3005300,NULL,NULL,1,'1','2019-09-02 06:11:21','2019-09-03 11:38:06','0'),(300530014,'产品查看详情-分页查询Api',NULL,NULL,'/admin/couponductLabel/productDetail/page','POST',3005300,NULL,NULL,1,'1','2019-09-02 09:47:56','2019-09-02 09:48:46','0'),(300530015,'新增产品关联-标签',NULL,NULL,'/admin/couponductLabel/addProduct/page','POST',3005300,NULL,NULL,1,'1','2019-09-02 09:49:41',NULL,'0'),(300530019,'优惠券关联C端用户Api',NULL,NULL,'/admin/customer/findCustomerByCouponduct','POST',3005300,NULL,NULL,1,'1','2019-09-18 02:54:43','2019-09-18 02:55:14','0'),(300530020,'优惠券客户标签与领取配置-修改',NULL,NULL,'/admin/couponductLabel/receiveConfig/back/update','POST',3005300,NULL,NULL,1,'1','2019-11-06 03:14:37',NULL,'0'),(300530021,'优惠券客户标签与领取配置-分页列表',NULL,NULL,'/admin/couponductLabel/receiveConfig/back/page','POST',3005300,NULL,NULL,1,'1','2019-11-06 03:15:14',NULL,'0'),(300540010,'客户经理渠道类型',NULL,NULL,'/admin/companyType/**','POST',3005400,NULL,NULL,1,'1','2019-04-15 08:14:34','2019-04-15 08:14:49','0'),(300540022,'客户经理变更套餐权限设置',NULL,'/PackageChangePower','/admin/managerCheck/page','POST',3005400,'icon-rizhiguanli',NULL,5,'0','2019-08-16 09:54:36','2019-08-16 09:54:53','0'),(300540031,'普卡套餐后台管理API',NULL,NULL,'/product/mobilePackage/back/*','POST',30054003,NULL,NULL,1,'1','2019-07-22 10:14:35',NULL,'0'),(300540140,'异业合作赠款包API','/product/acrossIndustryPacket/**',NULL,NULL,NULL,30054014,NULL,NULL,9,'1','2019-05-16 02:39:31','2019-05-16 02:39:39','0'),(300540141,'开卡赠款包列表',NULL,'/openCardGiftList',NULL,'POST',30054014,'icon-rizhiguanli',NULL,2,'0','2019-05-16 02:34:09','2019-05-16 02:35:36','0'),(300540142,'充值赠款包列表',NULL,'/rechargeGiftList',NULL,'POST',30054014,'icon-rizhiguanli',NULL,3,'0','2019-05-16 02:35:29','2019-05-16 02:35:39','0'),(300540143,'开卡附赠包列表',NULL,'/openCardGiftList','','POST',30054014,NULL,NULL,1,'0','2019-07-22 06:44:29','2019-08-09 11:03:59','0'),(300540144,'电信套餐审核列表',NULL,'/packageAudit',NULL,NULL,30054014,NULL,'views/packageManage/PackageAudit',6,'0','2019-08-06 09:02:32',NULL,'0'),(300540147,'变更套餐列表',NULL,'/packageChange','NULL','NULL',30054014,'icon-xitongguanli','views/packageManage/PackageChangeListView',7,'0','2019-07-22 10:14:35',NULL,'0'),(300541000,'客户经理关联商户',NULL,NULL,'/marketing/businessRelation/back/**','POST',30054001,NULL,NULL,1,NULL,'2019-03-26 05:44:39',NULL,'0'),(311020121,'导出excel表格',NULL,NULL,'/product/couponPacket/back/excel','POST',300411041,NULL,NULL,1,'1','2019-09-05 01:37:17',NULL,'0');
/*!40000 ALTER TABLE `sys_menu` ENABLE KEYS */;
UNLOCK TABLES;

--
-- Table structure for table `sys_oauth_client_details`
--

DROP TABLE IF EXISTS `sys_oauth_client_details`;
/*!40101 SET @saved_cs_client     = @@character_set_client */;
/*!40101 SET character_set_client = utf8 */;
CREATE TABLE `sys_oauth_client_details` (
  `client_id` varchar(40) NOT NULL,
  `resource_ids` varchar(256) DEFAULT NULL,
  `client_secret` varchar(256) DEFAULT NULL,
  `scope` varchar(256) DEFAULT NULL,
  `authorized_grant_types` varchar(256) DEFAULT NULL,
  `web_server_redirect_uri` varchar(256) DEFAULT NULL,
  `authorities` varchar(256) DEFAULT NULL,
  `access_token_validity` int(11) DEFAULT NULL,
  `refresh_token_validity` int(11) DEFAULT NULL,
  `additional_information` varchar(4096) DEFAULT NULL,
  `autoapprove` varchar(256) DEFAULT NULL,
  PRIMARY KEY (`client_id`)
) ENGINE=InnoDB DEFAULT CHARSET=utf8mb4;
/*!40101 SET character_set_client = @saved_cs_client */;

--
-- Dumping data for table `sys_oauth_client_details`
--

LOCK TABLES `sys_oauth_client_details` WRITE;
/*!40000 ALTER TABLE `sys_oauth_client_details` DISABLE KEYS */;
INSERT INTO `sys_oauth_client_details` VALUES ('admin','','8d046f8f257479b744db7bcd2a15828c0397bdf9b795ff7abb8e38d1','server','password,refresh_token,authorization_code','','',7776000,7776000,'','false'),('app',NULL,'app','server','password,refresh_token',NULL,NULL,7776000,7776000,NULL,'true'),('pig',NULL,'b6b74acbf2c48a269cbb2eab8026a915a58a075f1b9de46702305995','server','password,refresh_token,authorization_code',NULL,NULL,7776000,7776000,NULL,'false'),('zlmsf','','8d046f8f257479b744db7bcd2a15828c0397bdf9b795ff7abb8e38d1','server','password,refresh_token,authorization_code','','',7776000,7776000,'','false');
/*!40000 ALTER TABLE `sys_oauth_client_details` ENABLE KEYS */;
UNLOCK TABLES;

--
-- Table structure for table `sys_role`
--

DROP TABLE IF EXISTS `sys_role`;
/*!40101 SET @saved_cs_client     = @@character_set_client */;
/*!40101 SET character_set_client = utf8 */;
CREATE TABLE `sys_role` (
  `role_id` int(11) NOT NULL AUTO_INCREMENT,
  `role_name` varchar(64) COLLATE utf8mb4_bin NOT NULL,
  `role_code` varchar(64) COLLATE utf8mb4_bin NOT NULL,
  `role_desc` varchar(255) COLLATE utf8mb4_bin DEFAULT NULL,
  `create_time` timestamp NOT NULL DEFAULT CURRENT_TIMESTAMP,
  `update_time` timestamp NULL DEFAULT NULL ON UPDATE CURRENT_TIMESTAMP,
  `del_flag` char(1) COLLATE utf8mb4_bin DEFAULT '0' COMMENT '删除标识（0-正常,1-删除）',
  `area_id` varchar(64) COLLATE utf8mb4_bin DEFAULT NULL COMMENT '地区ID',
  `dept_id` varchar(64) COLLATE utf8mb4_bin DEFAULT NULL COMMENT '部门ID',
  PRIMARY KEY (`role_id`),
  UNIQUE KEY `role_idx1_role_code` (`role_code`) USING BTREE
) ENGINE=InnoDB AUTO_INCREMENT=37 DEFAULT CHARSET=utf8mb4 COLLATE=utf8mb4_bin;
/*!40101 SET character_set_client = @saved_cs_client */;

--
-- Dumping data for table `sys_role`
--

LOCK TABLES `sys_role` WRITE;
/*!40000 ALTER TABLE `sys_role` DISABLE KEYS */;
INSERT INTO `sys_role` VALUES (1,'admin','ROLE_ADMIN','超级管理员1','2017-10-29 07:45:51','2018-12-14 09:05:55','0','112',NULL),(14,'demo','demo','demo用户','2018-04-19 23:14:32','2018-04-21 15:35:22','0',NULL,NULL),(15,'mika_role','mika_role','mika_role','2018-08-29 12:28:10','2018-12-14 09:22:14','0','8440200','1'),(16,'ldx','代理商','代理商用户','2018-09-18 09:34:08',NULL,'0',NULL,NULL),(17,'123456','123456','yj1','2018-09-21 04:42:50','2018-09-21 04:47:18','1',NULL,NULL),(18,'延吉开放','网格长','网格长','2018-09-21 04:48:14',NULL,'0',NULL,NULL),(19,'daxia','格米科技','格米科技','2018-09-21 04:56:51',NULL,'0',NULL,NULL),(24,'客户经理','CUSTOMER_MANAGER','客户经理角色','2018-11-06 11:55:50','2018-12-14 09:41:09','0','8','19'),(25,'test001','test001','test001','2018-12-11 06:23:27','2018-12-11 06:23:27','1',NULL,NULL),(26,'公司角色-省','company-province','公司角色-省-test','2018-12-11 09:03:34','2018-12-11 09:03:34','0',NULL,NULL),(31,'test002','test002','test002','2018-12-11 09:16:56','2018-12-14 09:15:40','0','8440200','23'),(32,'test003','test003','test003','2018-12-11 09:30:48','2018-12-14 09:20:04','0','8440200','23'),(33,'商户角色','COMMERCIAL_TENANT','商户角色','2018-12-13 11:55:25','2018-12-14 09:40:59','0','8','25'),(34,'客户角色','CUSTOMER','客户角色','2018-12-13 11:56:45','2018-12-14 09:40:47','0','8','26'),(35,'test004','test004','xxxxx','2018-12-14 09:05:06','2018-12-14 09:05:06','0','8220100','24'),(36,'审核专员','AUDIT_ROLE','审核专员角色','2019-08-08 09:02:24','2019-08-08 11:35:13','0','8','18');
/*!40000 ALTER TABLE `sys_role` ENABLE KEYS */;
UNLOCK TABLES;

--
-- Table structure for table `sys_role_dept`
--

DROP TABLE IF EXISTS `sys_role_dept`;
/*!40101 SET @saved_cs_client     = @@character_set_client */;
/*!40101 SET character_set_client = utf8 */;
CREATE TABLE `sys_role_dept` (
  `id` int(20) NOT NULL AUTO_INCREMENT,
  `role_id` int(20) DEFAULT NULL COMMENT '角色ID',
  `dept_id` int(20) DEFAULT NULL COMMENT '部门ID',
  PRIMARY KEY (`id`)
) ENGINE=InnoDB AUTO_INCREMENT=28 DEFAULT CHARSET=utf8 COMMENT='角色与部门对应关系';
/*!40101 SET character_set_client = @saved_cs_client */;

--
-- Dumping data for table `sys_role_dept`
--

LOCK TABLES `sys_role_dept` WRITE;
/*!40000 ALTER TABLE `sys_role_dept` DISABLE KEYS */;
INSERT INTO `sys_role_dept` VALUES (14,14,1),(15,1,1),(16,15,1),(19,17,1),(23,19,1),(25,16,1),(26,18,12),(27,24,19);
/*!40000 ALTER TABLE `sys_role_dept` ENABLE KEYS */;
UNLOCK TABLES;

--
-- Table structure for table `sys_role_menu`
--

DROP TABLE IF EXISTS `sys_role_menu`;
/*!40101 SET @saved_cs_client     = @@character_set_client */;
/*!40101 SET character_set_client = utf8 */;
CREATE TABLE `sys_role_menu` (
  `role_id` int(11) NOT NULL COMMENT '角色ID',
  `menu_id` int(11) NOT NULL COMMENT '菜单ID',
  PRIMARY KEY (`role_id`,`menu_id`)
) ENGINE=InnoDB DEFAULT CHARSET=utf8 COMMENT='角色菜单表';
/*!40101 SET character_set_client = @saved_cs_client */;

--
-- Dumping data for table `sys_role_menu`
--

LOCK TABLES `sys_role_menu` WRITE;
/*!40000 ALTER TABLE `sys_role_menu` DISABLE KEYS */;
INSERT INTO `sys_role_menu` VALUES (1,1),(1,2),(1,3),(1,4),(1,5),(1,6),(1,7),(1,8),(1,21),(1,22),(1,23),(1,24),(1,31),(1,32),(1,33),(1,34),(1,41),(1,42),(1,43),(1,44),(1,45),(1,51),(1,52),(1,53),(1,54),(1,55),(1,56),(1,61),(1,62),(1,63),(1,64),(1,71),(1,72),(1,73),(1,74),(1,75),(1,76),(1,77),(1,78),(1,79),(1,80),(1,81),(1,82),(1,83),(1,84),(1,85),(1,86),(1,87),(1,88),(1,89),(1,90),(1,91),(1,92),(1,93),(1,94),(1,95),(1,96),(1,97),(1,98),(1,703),(1,751),(1,752),(1,754),(1,756),(1,757),(1,758),(1,759),(1,1101),(1,1102),(1,1103),(1,1104),(1,1105),(1,1106),(1,1107),(1,1108),(1,1109),(1,1110),(1,1111),(1,1112),(1,1113),(1,1114),(1,1115),(1,1116),(1,1117),(1,1118),(1,1119),(1,1120),(1,1121),(1,1122),(1,1123),(1,1124),(1,1125),(1,1126),(1,1128),(1,1129),(1,1130),(1,1131),(1,1132),(1,1133),(1,1134),(1,1135),(1,1136),(1,1137),(1,1138),(1,1139),(1,1222),(1,2001),(1,2012),(1,2013),(1,2016),(1,2017),(1,2018),(1,2019),(1,2020),(1,2021),(1,2022),(1,2023),(1,2024),(1,2025),(1,2026),(1,2027),(1,2028),(1,2029),(1,2030),(1,2031),(1,2032),(1,3001),(1,3002),(1,3003),(1,3004),(1,3005),(1,3006),(1,3007),(1,3008),(1,3009),(1,3013),(1,3044),(1,3045),(1,3100),(1,3101),(1,3102),(1,3123),(1,3213),(1,3214),(1,3216),(1,3220),(1,3221),(1,3222),(1,3223),(1,3301),(1,3302),(1,3303),(1,3304),(1,3305),(1,3306),(1,3307),(1,3326),(1,3410),(1,3411),(1,3412),(1,3413),(1,3414),(1,3415),(1,3416),(1,3417),(1,4031),(1,4100),(1,4101),(1,7511),(1,7512),(1,7513),(1,7514),(1,7515),(1,11021),(1,30008),(1,30042),(1,30045),(1,30046),(1,30047),(1,30049),(1,30053),(1,30061),(1,30063),(1,30064),(1,30065),(1,30066),(1,30068),(1,30069),(1,34400),(1,34401),(1,34402),(1,123456),(1,300083),(1,300410),(1,300411),(1,300412),(1,300413),(1,300414),(1,300415),(1,300421),(1,300422),(1,300424),(1,300425),(1,300471),(1,300472),(1,300473),(1,300491),(1,300492),(1,300510),(1,300611),(1,300612),(1,300613),(1,300614),(1,300615),(1,300616),(1,300617),(1,300631),(1,300632),(1,300634),(1,300641),(1,300651),(1,300661),(1,300662),(1,300681),(1,300682),(1,300683),(1,300684),(1,2001100),(1,2001101),(1,2001102),(1,2001103),(1,3002100),(1,3002101),(1,3002102),(1,3002111),(1,3002200),(1,3002201),(1,3002202),(1,3002203),(1,3002300),(1,3002301),(1,3002302),(1,3002311),(1,3004111),(1,3004121),(1,3004122),(1,3004123),(1,3004124),(1,3004125),(1,3004126),(1,3004131),(1,3004132),(1,3004133),(1,3004134),(1,3004211),(1,3004212),(1,3004213),(1,3004214),(1,3004251),(1,3005100),(1,3005101),(1,3005102),(1,3005121),(1,3005200),(1,3005201),(1,3005202),(1,3005203),(1,3005204),(1,3005205),(1,3005206),(1,3005207),(1,3005300),(1,3005301),(1,3005302),(1,3005303),(1,3005304),(1,3005400),(1,3005402),(1,3005403),(1,3005404),(1,3005406),(1,3005407),(1,3005408),(1,3005409),(1,3005500),(1,3005501),(1,3005502),(1,3005503),(1,3005600),(1,3005601),(1,3005602),(1,3005603),(1,3005604),(1,3005605),(1,3005606),(1,3005700),(1,3005800),(1,3005801),(1,3005802),(1,3005803),(1,3005804),(1,3005810),(1,3006111),(1,3006113),(1,3006231),(1,3007100),(1,3007101),(1,3007102),(1,3007200),(1,3007201),(1,3007202),(1,3007203),(1,3007204),(1,3007205),(1,3007206),(1,3007207),(1,3007300),(1,3007301),(1,3007302),(1,3008100),(1,3008101),(1,3009100),(1,3009101),(1,3009102),(1,3300100),(1,3300101),(1,4003005),(1,30022001),(1,30022009),(1,30025001),(1,30025002),(1,30025003),(1,30041001),(1,30041401),(1,30041402),(1,30041403),(1,30041404),(1,30041405),(1,30041406),(1,30041407),(1,30041611),(1,30041612),(1,30041613),(1,30041614),(1,30041615),(1,30041621),(1,30041622),(1,30041623),(1,30041624),(1,30041625),(1,30041626),(1,30041627),(1,30041628),(1,30041629),(1,30041631),(1,30041632),(1,30041633),(1,30041634),(1,30041641),(1,30041642),(1,30041643),(1,30041644),(1,30041651),(1,30041652),(1,30041711),(1,30041712),(1,30041713),(1,30041714),(1,30041715),(1,30041716),(1,30041721),(1,30041722),(1,30041723),(1,30041724),(1,30041725),(1,30041726),(1,30041731),(1,30041732),(1,30041733),(1,30041734),(1,30041735),(1,30041736),(1,30041741),(1,30041742),(1,30041743),(1,30041744),(1,30041745),(1,30041751),(1,30041752),(1,30041761),(1,30041762),(1,30041763),(1,30051001),(1,30053001),(1,30053002),(1,30053003),(1,30053004),(1,30053005),(1,30053008),(1,30054001),(1,30054003),(1,30054004),(1,30054005),(1,30054006),(1,30054007),(1,30054008),(1,30054009),(1,30054010),(1,30054011),(1,30054012),(1,30054013),(1,30054014),(1,30054015),(1,30054016),(1,30059001),(1,30059002),(1,30059003),(1,30062311),(1,30071001),(1,30071002),(1,30071003),(1,30073011),(1,30073012),(1,30073021),(1,30073022),(1,30081002),(1,30091011),(1,30091012),(1,30091013),(1,30091014),(1,30091015),(1,30091016),(1,300112200),(1,300220021),(1,300220091),(1,300220092),(1,300220093),(1,300402141),(1,300410011),(1,300410012),(1,300410013),(1,300410014),(1,300410015),(1,300411041),(1,300520000),(1,300530000),(1,300530012),(1,300530014),(1,300530015),(1,300530019),(1,300530020),(1,300530021),(1,300540010),(1,300540022),(1,300540031),(1,300540140),(1,300540141),(1,300540142),(1,300540143),(1,300540144),(1,300540147),(1,300541000),(14,1),(14,2),(14,3),(14,4),(14,5),(14,6),(14,7),(14,8),(14,9),(14,10),(14,11),(14,12),(14,13),(14,14),(14,15),(14,21),(14,31),(14,41),(14,51),(14,61),(14,71),(14,1010),(14,3112),(15,1),(15,21),(15,31),(15,3111),(15,3112),(15,3118),(15,3200),(15,3210),(15,4002),(15,4003),(15,4004),(15,4006),(15,4008),(15,4009),(15,4010),(15,4011),(15,4012),(15,4013),(15,4016),(15,4017),(15,4018),(15,4019),(15,4020),(15,4021),(16,1),(16,130),(16,1301),(16,3111),(16,3112),(16,3118),(16,3200),(16,3210),(16,4002),(16,4003),(18,130),(18,1301),(18,3111),(18,3112),(18,3200),(18,4000),(18,4001),(18,4002),(18,4003),(19,3111),(19,3112),(19,3115),(19,3116),(19,3118),(19,3200),(19,3210),(19,4000),(19,4001),(19,4002),(19,4003),(24,1),(24,703),(24,1001),(24,2011),(24,2012),(24,2013),(24,2014),(24,2018),(24,2019),(24,2020),(24,2025),(24,2033),(24,3000),(24,3009),(24,3010),(24,3300),(24,3320),(24,3321),(24,3322),(24,3323),(24,3324),(24,3325),(24,3326),(24,3410),(24,3411),(24,3412),(24,3413),(24,3414),(24,3415),(24,3416),(24,3417),(24,3418),(24,3501),(24,3502),(24,3503),(24,3504),(24,4006),(24,4008),(24,4012),(24,4013),(24,4019),(24,4020),(24,4021),(24,4031),(24,4037),(24,4068),(24,4100),(24,4101),(24,4102),(24,4103),(24,4104),(24,4105),(24,4106),(24,7511),(24,7512),(24,7513),(24,7514),(24,7515),(24,20142),(24,20144),(24,30003),(24,30004),(24,30047),(24,33201),(24,33202),(24,300031),(24,300032),(24,300033),(24,300035),(24,300036),(24,300042),(24,300043),(24,300044),(24,300045),(24,300046),(24,300047),(24,300048),(24,300049),(24,300061),(24,300062),(24,300063),(24,300064),(24,300071),(24,300072),(24,300073),(24,300074),(24,300075),(24,300076),(24,300077),(24,300081),(24,300082),(24,300083),(24,300471),(24,300472),(24,301001),(24,301002),(24,301003),(24,301004),(24,301005),(24,3000901),(24,3000905),(24,3004134),(24,3009100),(24,3009101),(24,30091011),(24,30091012),(24,30091013),(33,703),(33,1001),(33,2011),(33,2012),(33,2013),(33,2014),(33,3300),(33,3320),(33,3321),(33,3322),(33,3323),(33,3324),(33,3325),(33,3326),(33,3410),(33,3411),(33,3412),(33,3413),(33,3414),(33,3415),(33,3416),(33,3417),(33,3418),(33,3501),(33,3502),(33,3503),(33,3504),(33,4037),(33,4038),(33,4068),(33,4100),(33,4101),(33,4102),(33,4105),(33,4106),(33,7511),(33,7512),(33,7513),(33,7514),(33,7515),(33,20142),(33,20144),(33,30003),(33,30004),(33,30005),(33,30009),(33,300031),(33,300032),(33,300033),(33,300035),(33,300036),(33,300042),(33,300043),(33,300044),(33,300048),(33,300049),(33,300051),(33,300061),(33,300062),(33,300063),(33,300064),(33,300071),(33,300072),(33,300073),(33,300074),(33,300075),(33,300076),(33,300077),(33,300091),(33,300093),(33,3000511),(33,3000512),(33,3000901),(33,3000905),(33,3002302),(33,3002304),(33,3005801),(33,3005802),(33,3005803),(33,3005804),(33,3005810),(33,3009100),(33,3009101),(33,3300100),(33,3300101),(33,30091011),(33,30091012),(33,30091013),(33,50001503),(34,1001),(34,2011),(34,2012),(34,2013),(34,2014),(34,2015),(34,3300),(34,3320),(34,3321),(34,3322),(34,3323),(34,3324),(34,3325),(34,3326),(34,3410),(34,3411),(34,3412),(34,3413),(34,3414),(34,3415),(34,3416),(34,3511),(34,3512),(34,3513),(34,3514),(34,3600),(34,3601),(34,3602),(34,3603),(34,3604),(34,3711),(34,3712),(34,4031),(34,4100),(34,4101),(34,4102),(34,5000),(34,5100),(34,5101),(34,5102),(34,5201),(34,5202),(34,5203),(34,5204),(34,5205),(34,5212),(34,5213),(34,5214),(34,5234),(34,5300),(34,5321),(34,5400),(34,5500),(34,5600),(34,5700),(34,20142),(34,20144),(34,30043),(34,30044),(34,53001),(34,53002),(34,53003),(34,54001),(34,54002),(34,54003),(34,55001),(34,55002),(34,55003),(34,56001),(34,56002),(34,56003),(34,56004),(34,57001),(34,57002),(34,500011),(34,500012),(34,500014),(34,500016),(34,500018),(34,3002203),(34,3002301),(34,3002303),(34,3002400),(34,3005801),(34,3005802),(34,3005803),(34,3005804),(34,3300100),(34,3300101),(34,5000091),(34,5000101),(34,5000111),(34,5000112),(34,5000121),(34,5000122),(34,5000141),(34,5000142),(34,5000143),(34,5000144),(34,5000146),(34,5000147),(34,5000151),(34,5000152),(34,5000153),(34,5000154),(34,5000155),(34,5000156),(34,30053001),(34,30053002),(34,30053003),(34,30053004),(34,30053005),(34,30053008),(34,30073013),(34,30073023),(34,50001501),(34,50001502),(34,50001503),(36,1222),(36,3004214),(36,30041407);
/*!40000 ALTER TABLE `sys_role_menu` ENABLE KEYS */;
UNLOCK TABLES;

--
-- Table structure for table `sys_route_conf`
--

DROP TABLE IF EXISTS `sys_route_conf`;
/*!40101 SET @saved_cs_client     = @@character_set_client */;
/*!40101 SET character_set_client = utf8 */;
CREATE TABLE `sys_route_conf` (
  `id` int(11) NOT NULL AUTO_INCREMENT COMMENT 'router Id uuid全局唯一',
  `route_id` varchar(255) NOT NULL COMMENT '服务名称',
  `uri` varchar(255) DEFAULT NULL COMMENT '目标uri',
  `predicates` varchar(1000) DEFAULT NULL COMMENT '路由断言',
  `filters` varchar(1000) DEFAULT NULL COMMENT '过滤器',
  `create_time` timestamp NULL DEFAULT CURRENT_TIMESTAMP COMMENT '创建时间',
  `update_time` timestamp NULL DEFAULT NULL ON UPDATE CURRENT_TIMESTAMP COMMENT '更新时间',
  `del_flag` char(1) DEFAULT '0' COMMENT '删除标识（0-正常,1-删除）',
  `order` tinyint(4) NOT NULL DEFAULT '0' COMMENT '优先级',
  PRIMARY KEY (`id`)
) ENGINE=InnoDB AUTO_INCREMENT=8 DEFAULT CHARSET=utf8mb4 COMMENT='spring cloud gateway动态路由配置表';
/*!40101 SET character_set_client = @saved_cs_client */;

--
-- Dumping data for table `sys_route_conf`
--

LOCK TABLES `sys_route_conf` WRITE;
/*!40000 ALTER TABLE `sys_route_conf` DISABLE KEYS */;
INSERT INTO `sys_route_conf` VALUES (4,'mika-admin','lb://mika-admin','[\n	{\n		\"name\": \"Path\",\n		\"args\": {\n			\"patterns\": \"/admin/**\"\n		}\n	}\n]','[]','2018-05-21 03:40:38','2019-07-17 06:39:18','0',0),(5,'zlmsf-auth','lb://zlmsf-auth','[\r\n	{\r\n		\"name\": \"Path\",\r\n		\"args\": {\r\n			\"patterns\": \"/auth/**\"\r\n		}\r\n	}\r\n]','[]','2018-05-21 03:41:08','2019-07-17 06:39:25','0',0),(6,'mika-commission','lb://mika-commission','[\r\n	{\r\n		\"name\": \"Path\",\r\n		\"args\": {\r\n			\"patterns\": \"/commission/**\"\r\n		}\r\n	}\r\n]','[\r\n	{\r\n		\"name\": \"StripPrefix\",\r\n		\"args\": {\r\n			\"parts\": \"1\"\r\n		}\r\n	}\r\n]','2018-08-22 03:01:02','2019-07-16 13:00:08','1',0),(7,'mika-integral','lb://mika-integral','[\r\n	{\r\n		\"name\": \"Path\",\r\n		\"args\": {\r\n			\"patterns\": \"/integral/**\"\r\n		}\r\n	}\r\n]','[\r\n	{\r\n		\"name\": \"StripPrefix\",\r\n		\"args\": {\r\n			\"parts\": \"1\"\r\n		}\r\n	}\r\n]','2018-08-22 03:01:37','2019-07-16 13:01:06','1',0);
/*!40000 ALTER TABLE `sys_route_conf` ENABLE KEYS */;
UNLOCK TABLES;

--
-- Table structure for table `sys_user`
--

DROP TABLE IF EXISTS `sys_user`;
/*!40101 SET @saved_cs_client     = @@character_set_client */;
/*!40101 SET character_set_client = utf8 */;
CREATE TABLE `sys_user` (
  `user_id` varchar(32) COLLATE utf8mb4_bin NOT NULL COMMENT '主键ID',
  `username` varchar(64) COLLATE utf8mb4_bin NOT NULL COMMENT '用户名',
  `password` varchar(255) COLLATE utf8mb4_bin NOT NULL,
  `salt` varchar(255) COLLATE utf8mb4_bin DEFAULT NULL COMMENT '随机盐',
  `phone` varchar(20) COLLATE utf8mb4_bin NOT NULL COMMENT '简介',
  `avatar` varchar(255) COLLATE utf8mb4_bin DEFAULT NULL COMMENT '头像',
  `create_time` timestamp NULL DEFAULT CURRENT_TIMESTAMP COMMENT '创建时间',
  `update_time` timestamp NULL DEFAULT NULL ON UPDATE CURRENT_TIMESTAMP COMMENT '修改时间',
  `del_flag` char(1) COLLATE utf8mb4_bin DEFAULT '0' COMMENT '0-正常，1-删除',
  PRIMARY KEY (`user_id`),
  UNIQUE KEY `user_idx1_username` (`username`) USING BTREE,
  UNIQUE KEY `user_idx2_phone` (`phone`) USING BTREE
) ENGINE=InnoDB DEFAULT CHARSET=utf8mb4 COLLATE=utf8mb4_bin COMMENT='用户表';
/*!40101 SET character_set_client = @saved_cs_client */;

--
-- Dumping data for table `sys_user`
--

LOCK TABLES `sys_user` WRITE;
/*!40000 ALTER TABLE `sys_user` DISABLE KEYS */;
INSERT INTO `sys_user` VALUES ('1','admin','d19471533bdda43e4ac25451e4079e1af86b9b9d7ad39c4fbba5482c',NULL,'18129922790',NULL,'2018-04-19 23:15:18','2019-09-07 09:41:47','0'),('26','yjzy','de8a4795d54521d559a580526494d1c583f7014da86f1b711458f22e',NULL,'18904319991',NULL,'2018-09-21 04:55:59','2018-11-06 10:38:23','0'),('4','pig','de8a4795d54521d559a580526494d1c583f7014da86f1b711458f22e',NULL,'17034642118',NULL,'2018-04-22 03:39:07','2018-11-06 10:38:23','0'),('5','mika','de8a4795d54521d559a580526494d1c583f7014da86f1b711458f22e',NULL,'12345678901',NULL,'2018-08-29 12:29:16','2018-11-06 10:38:23','0'),('50','18946791167','3adc3ad89f02fb6fc9cbbe8a57d91396d5f6ee774dd298b356e368e7',NULL,'18946791167',NULL,'2018-11-06 11:58:46','2018-11-06 11:58:46','0'),('52','18946791097','3adc3ad89f02fb6fc9cbbe8a57d91396d5f6ee774dd298b356e368e7',NULL,'18946791097',NULL,'2018-11-06 11:59:48','2018-11-06 11:59:48','0'),('53','18943157869','3adc3ad89f02fb6fc9cbbe8a57d91396d5f6ee774dd298b356e368e7',NULL,'18943157869',NULL,'2018-11-06 12:00:11','2018-11-06 12:00:11','0'),('54','18946791711','3adc3ad89f02fb6fc9cbbe8a57d91396d5f6ee774dd298b356e368e7',NULL,'18946791711',NULL,'2018-11-06 12:00:30','2018-11-06 12:00:30','0'),('55','18946791108','3adc3ad89f02fb6fc9cbbe8a57d91396d5f6ee774dd298b356e368e7',NULL,'18946791108',NULL,'2018-11-06 12:00:47','2018-11-06 12:00:47','0'),('57','17766886661','3adc3ad89f02fb6fc9cbbe8a57d91396d5f6ee774dd298b356e368e7',NULL,'17766886661',NULL,'2018-11-06 12:05:30','2018-11-06 12:05:30','0'),('58','18904330771','3adc3ad89f02fb6fc9cbbe8a57d91396d5f6ee774dd298b356e368e7',NULL,'18904330771',NULL,'2018-11-06 12:05:51','2018-11-06 12:05:51','0'),('59','18904420990','3adc3ad89f02fb6fc9cbbe8a57d91396d5f6ee774dd298b356e368e7',NULL,'18904420990',NULL,'2018-11-06 12:06:13','2018-11-06 12:06:13','0'),('6','ldx','de8a4795d54521d559a580526494d1c583f7014da86f1b711458f22e',NULL,'18943983833',NULL,'2018-09-19 05:58:57','2018-11-06 10:38:23','0'),('60','13699734892','3adc3ad89f02fb6fc9cbbe8a57d91396d5f6ee774dd298b356e368e7',NULL,'13699734892',NULL,'2018-11-06 12:06:38','2019-06-11 06:33:06','0'),('61','17790081119','3adc3ad89f02fb6fc9cbbe8a57d91396d5f6ee774dd298b356e368e7',NULL,'17790081119',NULL,'2018-11-06 12:06:53','2018-11-06 12:06:53','0'),('75','naying','ac066a0dd2572121448ed847ee2d9cc56bb5e4c7868fdc10aa585f8f',NULL,'18188619960',NULL,'2018-11-22 01:49:19','2018-12-11 12:36:12','0'),('76','test001','6a298e38951720eca9a3f390c292d700bc79765b1d42ce71a40cce30',NULL,'12345613254',NULL,'2018-12-11 06:16:25',NULL,'0'),('79','user001','0f78d68c1a68650f47eca9e3ffc3f781c2bbce57e382b975cad6fb5a',NULL,'15219483281',NULL,'2018-12-11 11:46:27','2018-12-11 12:36:00','0'),('9','19969534567','de8a4795d54521d559a580526494d1c583f7014da86f1b711458f22e',NULL,'19969534567',NULL,'2018-09-21 04:53:25','2018-11-06 12:40:17','0'),('a05420c609544920ba7285385aa9b66a','mikadev_test','58834aee66257fcd837d21ddde55a03424518379241ab03a04d16aeb',NULL,'11111111111',NULL,'2019-03-21 07:41:07',NULL,'0'),('b3a014ed50cb4a1ab0ea895ef4b95d13','test','123456','s','s','s','2019-05-20 02:22:32',NULL,'0'),('fdacee791d164d42974a0303905157e4','test002','960885f26d58d0c5b4718d2ea2dacbc9dbe59bc560e120adeb93e434',NULL,'12345678945',NULL,'2018-12-11 06:21:09','2019-04-09 09:05:38','0');
/*!40000 ALTER TABLE `sys_user` ENABLE KEYS */;
UNLOCK TABLES;

--
-- Table structure for table `sys_user_role`
--

DROP TABLE IF EXISTS `sys_user_role`;
/*!40101 SET @saved_cs_client     = @@character_set_client */;
/*!40101 SET character_set_client = utf8 */;
CREATE TABLE `sys_user_role` (
  `user_id` varchar(32) NOT NULL COMMENT '用户ID',
  `role_id` varchar(32) NOT NULL COMMENT '角色ID',
  PRIMARY KEY (`user_id`,`role_id`)
) ENGINE=InnoDB DEFAULT CHARSET=utf8 COMMENT='用户角色表';
/*!40101 SET character_set_client = @saved_cs_client */;

--
-- Dumping data for table `sys_user_role`
--

LOCK TABLES `sys_user_role` WRITE;
/*!40000 ALTER TABLE `sys_user_role` DISABLE KEYS */;
INSERT INTO `sys_user_role` VALUES ('0333cf9a5d0949cf82d10945a522e55b','34'),('0360384d5c6c4e06b373918529ad5fad','34'),('03a3157f5c7841c3ba312d9649c616b6','24'),('03d2182020704ebfa25f8fd5b45ded17','34'),('078ec975e9a94782959efe9cfdfa7970','34'),('0c18603eccbe46dda8b1fb24536d61dd','34'),('0c6d7346d5f94128bd96618ae02df8a9','34'),('0deb6bb8d6f1452bbfbb33e83a9e74b3','24'),('0e46da7b5e33401b890aeef21ad991b4','34'),('0e51a0c5f16b46f2af8fb6cf5101ccd2','34'),('0e9262e267c14bf79f1b73fb4fe75e1b','34'),('0f37dd666aed4f429558dff973d27e09','34'),('0f66c0d41a6f47d6a0b2dd625d11a20c','24'),('0fca755fdab2487d92cd7c6c77090a93','34'),('1','1'),('15cea67e69a34b0c845f2ceb557a799e','34'),('17aa38504a614a75a64e3a6ca66d2b3b','33'),('17e133fce8a746758352547aef087f4b','34'),('193a526d3a6a4ec3a8b516f4a2cb110b','34'),('198a6dea62084172adb5437dc22474b7','33'),('1e364f3241ad4f2ea673d11d7fdb94ce','24'),('1f1a9b40e6fd4926b888033bf284ae29','34'),('1fb91d3ee3be4701aa2dafbd1db00tf5','1'),('21d4f2707b3e47dfa9b6ba5ab2c8e78a','33'),('232db19afb6e4b10a425c0d745247e3d','34'),('25afa32171e84b8e905e1b04d6a516f4','34'),('26','18'),('27','24'),('278c1300f91f409584024c4948b7b02b','33'),('27b0108d68f64f7b9b277a3df476d111','34'),('2c23a37ff1f64403bc23f76394d9860e','34'),('30b00c0b55d44bd28e2f7e641896c109','34'),('349590481d5c4cc6b8ba12d854f5589a','33'),('35720f2b4b1f4ff29f8a9944f91cc51e','34'),('36001a9b5a3e40b98cda4e054479b831','34'),('3801514f5f424c3e85088697e1d354aa','34'),('3ae31a1556994617abd9ee800d6b4e45','34'),('3c4ac8b255454e3f9db643deaa52f9ec','34'),('3d3125d082524a138b551c596b127488','33'),('3eece3a0ee5e45bba6639d5e55e3b280','34'),('4','14'),('404757907c9942359d0bef35a1535f97','34'),('420ab99c55cd4e658f29065814f87e82','34'),('45501514c4574c51930d67fb3296de8b','34'),('462652ea3ba44fd195a391c52bf7a4e1','34'),('467e884851b245199b5138ca115cd92f','33'),('4a7e65eb2e2044338b18ff75dc6e3019','34'),('4ba0fbc0ad034e949e2d56b1caf97bce','34'),('4d0cf9e0bd3e445b9b8607aec64ed20f','34'),('4fcb8e0652b04be3b27c9992a6c03c4f','34'),('5','15'),('50','24'),('50e4b0038a7747b9983e9a5409614594','34'),('52','24'),('5213d65e639144acb9d2e297d1f817f7','33'),('53','24'),('54','24'),('55','24'),('554d3d5f1fdd4998b803c2200d7e4be0','24'),('57','24'),('58','24'),('58ef9629888b4537b5bfbe005de66817','34'),('59','24'),('5c648af992884cdbbcc1facd766ebed6','34'),('5d5a2481a33347798fd03dbb79d4bb3c','34'),('6','16'),('60','24'),('608eea56f29740ee900aa522d5e5c75a','34'),('61','24'),('61','9'),('62','24'),('64b8fbacd0f443eea30a80d130e55f2d','34'),('65','24'),('65447498fcf1496bbc9efe1332c764d1','24'),('67','24'),('675ef0c916b6480cb7196166bf58d9db','34'),('69','24'),('69ea59eee1824e0bb2c992d77410520d','1'),('6cf6ba425dc64dfe8edd2ac7e6af90b3','34'),('6d297da7e9f24fa28f8173500f462d33','34'),('6f2114c800b34426ae9a5905799b0916','34'),('706d4b8c55614ff5acd12215300bca98','34'),('70b32c9e24694e5681fbfd37a4388bae','34'),('71','24'),('719d74cccc2c4df1959daa7144b03249','34'),('72','24'),('73','24'),('75','32'),('76','0'),('76','2'),('76','3'),('765548e0cb7544ecaf394624eacc53e5','34'),('78','2'),('79','32'),('7bd734ef397045ab9989fa60297ebf7f','34'),('7cb5512c283f44628bb6e9da1e16c6ed','34'),('812bf9959b05459f8e12290c6611682e','34'),('81d8c537867e4ec5a85f9cd91df5b4ef','33'),('82449c48ee9a4a678fd25434069d00cd','34'),('83006013218142d9baf942fdf14a4894','34'),('85f8754b443c4c3d8d629c365d30c023','34'),('89edc0fdd6274c53bf3759dc13396848','34'),('8abf56b30ba4496dbc5d35cd3e4f46d7','34'),('8dd5b24129c74d91974e3744d3ed2235','24'),('8f72d2c2a36643039a229c5b42ada7f4','34'),('9','18'),('9','24'),('9260ab98c4ab473da5c0792ccb900432','24'),('931885bf6f534d36b3f52d2be85ca4a0','34'),('966f379740114669a02cbcf8b296a47c','24'),('99f278a36c1c4763b70c31550c847097','24'),('9bccae9bf2bc4925bfbf45c3153ef7c8','34'),('9be4f1dd5e8840bfaff59f0cab3373fd','34'),('a05420c609544920ba7285385aa9b66a','15'),('a10c8d46b3364966b9fbb7fc07ff101f','34'),('a11d7e62eca64b0099aa8b221633063b','33'),('a3e5f47acf414e86999cb1a54f337180','33'),('a7f79ed7c036470b828284eced592c99','24'),('a8930bf43f16477cb49313fce1a265cc','34'),('aa8add9f63324da6b1ddf1a330adba25','33'),('b3a014ed50cb4a1ab0ea895ef4b95d13','34'),('b7104c90c5aa42fe88ab38e67f729bc3','34'),('b7dcc6d9ba044ba19ac0275a061cd02a','34'),('b929734952db48d790afe888e04fc255','34'),('bb38b8ab5e97494f8a4ccc3bd5a6ea21','34'),('bc6f2b18c4cd45dab5554b8f2a915d72','34'),('bd5db3584cfc4d068203fefed8de5f46','34'),('bda2797cec494986b8491bc909125b7c','33'),('bdb3154dba4541c2844668483afd14bc','34'),('bf1ff19fb6da480cb4cca7268387a1df','34'),('c23b5248aab54ce284e0b3ef52e95e19','24'),('c54bdff89e7c436a95833e91a688b44d','34'),('ca25f35f7b6548ef94776b5757f62e8b','34'),('ca88106584ac4c5bad026ad9b30a61a4','34'),('cc33ca393f2c499ca1e420d699995740','34'),('cc8551c461454b1fb9ef6eaaf6fedce6','34'),('ce3e8d283881422ea0071ee6374afbc4','1'),('cf2f95888ff04196a497527e4df3c350','33'),('d4192862e4714e069da32f815c4dd9ee','34'),('d504b1185b83498b9b2ee526a94045c2','24'),('d7882fdcef334b4c865cd63893b21edf','34'),('d804d7ce49a44ee9aa3eb0bea91dbe16','33'),('d84b3998fa764bc8a001b33dff4882cf','34'),('d91e30df9845411691977c8b4d8fc2a4','34'),('dad0b6e0d2c2479a80bc91f08f7ec3f5','34'),('db9e536617ec4ea2a796cd02cd27f87f','34'),('dc2bda3583544f55bfc6a9f4516812e6','34'),('e21628bb0cf24868b9a71b1d8684ee05','34'),('e6b912ecee364049b174ab0aca58b382','34'),('e6f0edac03b34c13a73fb497c469fc0b','34'),('e821ddaa007a43b58509ee1aeb390f24','34'),('ea23a832f0a8446e8977f7fd17e6b938','33'),('ead9d361eac24659a2107bfc05fdf115','34'),('ecb7487bc3574eb08800d1d0c2cd2b77','34'),('ed15c776de834f58ab254486f6517871','34'),('f35c370e0e1043e8ad17dd9f13cdb1bf','33'),('f5ea0955fdb348b29539a018ad9047fe','34'),('f67493cbcf754e0aa86d411b2051b1a3','34'),('f6c15102b6084665b78e6a78bede4d0e','34'),('fdacee791d164d42974a0303905157e4','24'),('feea4735b71c415595649e9d648be580','34'),('ffb1330671a94d8b88a78f1e95b5aa1c','33'),('ffb94645fd8c439681897f85f4833510','34');
/*!40000 ALTER TABLE `sys_user_role` ENABLE KEYS */;
UNLOCK TABLES;

--
-- Table structure for table `sys_zuul_route`
--

DROP TABLE IF EXISTS `sys_zuul_route`;
/*!40101 SET @saved_cs_client     = @@character_set_client */;
/*!40101 SET character_set_client = utf8 */;
CREATE TABLE `sys_zuul_route` (
  `id` int(11) NOT NULL AUTO_INCREMENT COMMENT 'router Id',
  `path` varchar(255) NOT NULL COMMENT '路由路径',
  `service_id` varchar(255) NOT NULL COMMENT '服务名称',
  `url` varchar(255) DEFAULT NULL COMMENT 'url代理',
  `strip_prefix` char(1) DEFAULT '1' COMMENT '转发去掉前缀',
  `retryable` char(1) DEFAULT '1' COMMENT '是否重试',
  `enabled` char(1) DEFAULT '1' COMMENT '是否启用',
  `sensitiveHeaders_list` varchar(255) DEFAULT NULL COMMENT '敏感请求头',
  `create_time` timestamp NULL DEFAULT CURRENT_TIMESTAMP COMMENT '创建时间',
  `update_time` timestamp NULL DEFAULT NULL ON UPDATE CURRENT_TIMESTAMP COMMENT '更新时间',
  `del_flag` char(1) DEFAULT '0' COMMENT '删除标识（0-正常,1-删除）',
  PRIMARY KEY (`id`)
) ENGINE=InnoDB AUTO_INCREMENT=20 DEFAULT CHARSET=utf8mb4 COMMENT='动态路由配置表';
/*!40101 SET character_set_client = @saved_cs_client */;

--
-- Dumping data for table `sys_zuul_route`
--

LOCK TABLES `sys_zuul_route` WRITE;
/*!40000 ALTER TABLE `sys_zuul_route` DISABLE KEYS */;
INSERT INTO `sys_zuul_route` VALUES (4,'/admin/**','mika-admin','','1','1','1','','2018-05-21 03:40:38','2018-08-22 02:56:59','0'),(5,'/auth/**','zlmsf-auth','','1','1','1','','2018-05-21 03:41:08','2018-08-20 02:32:32','0'),(6,'/commission/**','mika-commission',NULL,'1','1','1',NULL,'2018-08-22 03:01:02','2019-03-14 02:57:08','1'),(7,'/integral/**','mika-integral',NULL,'1','1','1',NULL,'2018-08-22 03:01:37','2019-03-14 02:57:10','1'),(8,'/payment/**','mika-payment',NULL,'1','1','1',NULL,'2018-08-22 03:01:51',NULL,'0'),(9,'/product/**','mika-product',NULL,'1','1','1',NULL,'2018-08-22 03:02:21',NULL,'0'),(10,'/qualifications/**','mika-qualifications',NULL,'1','1','1',NULL,'2018-08-22 03:02:47','2019-03-14 02:57:33','1'),(11,'/recharge/**','mika-recharge',NULL,'1','1','1',NULL,'2018-08-22 03:03:33','2019-03-14 02:57:41','1'),(12,'/store/**','mika-store',NULL,'1','1','1',NULL,'2018-08-22 03:04:31','2019-03-14 02:57:45','1'),(13,'/user/**','mika-user',NULL,'1','1','1',NULL,'2018-08-22 03:04:47','2019-03-14 02:58:30','1'),(14,'/bi/**','mika-bi',NULL,'1','1','1',NULL,'2018-12-15 10:26:04',NULL,'0'),(15,'/marketing/**','mika-marketing','','1','1','1','','2018-12-18 02:55:31',NULL,'0'),(16,'/other/**','mika-other',NULL,'1','1','1',NULL,'2018-12-18 12:11:01',NULL,'0'),(18,'/order/**','mika-order','','1','1','1','','2018-12-19 06:59:16',NULL,'0'),(19,'/shop/**','mika-shop','','1','1','1','','2018-12-20 07:32:08',NULL,'0');
/*!40000 ALTER TABLE `sys_zuul_route` ENABLE KEYS */;
UNLOCK TABLES;

--
-- Table structure for table `t_dict`
--

DROP TABLE IF EXISTS `t_dict`;
/*!40101 SET @saved_cs_client     = @@character_set_client */;
/*!40101 SET character_set_client = utf8 */;
CREATE TABLE `t_dict` (
  `pri_id` varchar(32) COLLATE utf8_bin NOT NULL COMMENT '编号',
  `value` varchar(100) COLLATE utf8_bin NOT NULL COMMENT '数据值',
  `label` varchar(100) COLLATE utf8_bin NOT NULL COMMENT '标签名',
  `type` varchar(100) COLLATE utf8_bin NOT NULL COMMENT '类型',
  `description` varchar(100) COLLATE utf8_bin NOT NULL COMMENT '描述',
  `sort` decimal(10,0) DEFAULT '0' COMMENT '排序（升序）',
  `parent_id` varchar(64) COLLATE utf8_bin DEFAULT '0' COMMENT '父级编号',
  `create_by` varchar(64) COLLATE utf8_bin NOT NULL COMMENT '创建者',
  `create_date` datetime NOT NULL COMMENT '创建时间',
  `update_by` varchar(64) COLLATE utf8_bin NOT NULL COMMENT '更新者',
  `update_date` datetime NOT NULL COMMENT '更新时间',
  `remarks` varchar(255) COLLATE utf8_bin DEFAULT NULL COMMENT '备注信息',
  `del_flag` char(1) COLLATE utf8_bin NOT NULL DEFAULT '0' COMMENT '删除标记',
  PRIMARY KEY (`pri_id`),
  KEY `sys_dict_value` (`value`) USING BTREE,
  KEY `sys_dict_label` (`label`) USING BTREE,
  KEY `sys_dict_del_flag` (`del_flag`) USING BTREE
) ENGINE=InnoDB DEFAULT CHARSET=utf8 COLLATE=utf8_bin COMMENT='字典表';
/*!40101 SET character_set_client = @saved_cs_client */;

--
-- Dumping data for table `t_dict`
--

LOCK TABLES `t_dict` WRITE;
/*!40000 ALTER TABLE `t_dict` DISABLE KEYS */;
INSERT INTO `t_dict` VALUES ('123','no','IOS审核期','ios_audit','IOS审核期',0,'0','zxl','2017-11-03 17:28:09','zxl','2017-11-03 17:28:15','IOS审核期:为了区分是否是IOS审核期--yes：是在审核期；no：不是在审核期','0');
/*!40000 ALTER TABLE `t_dict` ENABLE KEYS */;
UNLOCK TABLES;
/*!40103 SET TIME_ZONE=@OLD_TIME_ZONE */;

/*!40101 SET SQL_MODE=@OLD_SQL_MODE */;
/*!40014 SET FOREIGN_KEY_CHECKS=@OLD_FOREIGN_KEY_CHECKS */;
/*!40014 SET UNIQUE_CHECKS=@OLD_UNIQUE_CHECKS */;
/*!40101 SET CHARACTER_SET_CLIENT=@OLD_CHARACTER_SET_CLIENT */;
/*!40101 SET CHARACTER_SET_RESULTS=@OLD_CHARACTER_SET_RESULTS */;
/*!40101 SET COLLATION_CONNECTION=@OLD_COLLATION_CONNECTION */;
/*!40111 SET SQL_NOTES=@OLD_SQL_NOTES */;

-- Dump completed on 2019-12-11 22:06:05
